device_id,user_id,registered_on,last_used_ip
8120d608-498b-48eb-92a7-3a9c1f514ad3,497,2024-04-17,215.25.105.228
6d1bac8d-955f-4e04-941e-ef3ffb6afd08,136,2023-06-18,108.144.225.86
b78eff29-92ef-4595-b6a6-5b90e07d5c78,174,2024-10-12,125.56.79.51
c8335e56-8585-494f-a8df-995fde10f2a4,320,2024-04-07,200.161.134.91
bf6a0e62-6616-4221-af01-9900836f8b2d,355,2025-01-29,41.245.123.82
f39a8fe1-e33d-41eb-b4a9-049dd3380fbe,204,2023-11-25,120.177.196.101
4fa2a917-65ea-45d2-b48d-29ebefe0b7c9,333,2025-04-25,76.196.170.194
e1437c1c-ae26-4e9e-9cf5-0c163fa3ac0d,42,2024-08-29,190.63.217.101
f13198fe-0ab5-4b10-8799-17867cd873cc,437,2024-08-29,97.32.234.217
5fc3a86d-f9e1-42fe-aabd-ffc7bcc5d6ec,169,2024-11-27,190.218.9.106
4c48bf2f-0237-4ee9-9fdb-661739e86389,437,2023-08-08,103.163.133.150
6dac18cc-1e5f-4c79-87be-a3ee2a5ebc79,346,2023-10-05,28.248.54.247
24e2365d-8fc0-4ae4-a51a-0ca6e36ee954,440,2024-10-16,105.140.122.254
39b12e8b-6305-40b1-b41a-12af2fd798d2,274,2025-03-29,15.192.0.123
6e86fad9-f615-4901-8904-2acfffaefb80,195,2023-08-08,14.115.225.106
450e08ab-b7df-41f7-8a94-48b39087d8f6,489,2024-08-25,115.119.6.143
4ece792e-44b1-4ad8-91a5-5a2d98753e49,163,2025-04-14,145.143.200.121
93850f0e-56fc-49b4-a41e-db449d7de798,321,2024-08-29,60.38.177.94
dc8ecb6d-c8c9-485f-9d73-761d20456ba1,368,2023-08-19,153.241.187.34
ab4ccaee-2098-4de7-a089-cbad3e04fd30,455,2023-11-09,3.42.73.144
24db8426-5505-4a8e-b263-5adfcf13717d,389,2023-08-27,199.118.106.139
c8c70b2a-ae18-4636-9084-d3c5d5f0afd2,250,2024-12-02,159.90.180.250
eb9f5b72-0ced-4a09-b976-49451ea10d17,447,2024-09-29,93.112.170.217
f7b93c3c-1a69-4c11-81d2-20617da65acc,278,2023-09-07,34.25.234.242
8b566445-9ec2-41da-80ed-1d38fe78c99d,19,2025-03-15,2.238.142.238
64556e21-d325-4ce0-aedb-21e3cac0abd6,317,2024-12-09,19.176.213.246
b13e81cd-3f4e-4720-8c31-d9d9ac7ea4aa,36,2023-08-02,202.39.195.106
014d11cb-7c75-4290-b3cd-33bfe7826ac6,121,2023-12-16,182.102.152.172
752cbef8-e478-4aeb-aec7-1dcfb6205c8d,324,2025-05-20,11.248.0.167
2b43bb86-f7f5-4f10-89b4-0c67717f8cde,351,2024-11-10,98.27.180.155
fab53d7a-7630-4237-a3ab-fe19fc58622c,472,2023-10-19,77.122.217.176
870f303c-502e-497f-a493-f54bad696303,148,2024-03-22,138.101.103.154
68436cc6-64c1-40e9-898c-34621aaea281,117,2023-11-25,42.142.235.237
c18022c8-5b4e-4ff6-9c90-cb7d30410905,383,2024-12-29,194.78.231.27
7949dfda-773c-4435-b59e-a8bfa6c9d48a,47,2024-01-04,125.96.104.123
0c157683-d294-483c-be39-fc991e5347bb,223,2024-02-26,159.241.33.125
4dffc70c-0363-42ac-81cb-06c7473a6650,51,2024-05-03,114.179.77.162
2cd3e67e-737d-4bb6-90fb-fddb56d2cd52,390,2024-08-20,74.2.160.124
f9372e68-80d6-4b97-be2f-c537dc33204e,325,2025-01-13,23.96.72.114
2dc267eb-8796-4baa-9555-8acbc6896f40,361,2025-01-22,82.255.160.107
fd7956a3-c37b-4326-a5f3-98e087cec28e,447,2024-12-19,142.187.51.86
e054e4d9-1ef4-4335-bec4-513462fc6d9a,52,2025-01-07,106.101.5.77
6e4e3b86-d5f6-4d86-a9a7-61a0c6894887,228,2023-12-09,124.3.253.57
4bdc6b2e-a133-4481-b854-0e9d43f7d418,86,2025-04-05,25.109.250.14
5ca95663-2f71-471e-88b9-89aef2ebe35c,356,2024-08-02,3.82.239.115
432ee988-4157-4119-8d38-8d8f5aaea1f8,154,2024-12-22,113.7.37.35
4672511d-aeb1-455f-aba1-9531ba7bbec7,463,2023-08-07,15.171.59.140
66e62453-553c-4fd8-abeb-d6f70411daa8,15,2024-03-25,101.31.35.139
a23f19c3-426a-4fc7-916b-21486537a7c5,24,2024-07-21,115.39.141.103
5237d4a5-7662-4f66-b1e8-bb32cdbd20e2,167,2024-10-14,142.87.161.234
1a6423a7-457f-4d51-bbb3-300f27153dde,408,2024-01-13,152.150.65.8
d39b4a3b-94c9-4ee2-b05d-731097f4b6ea,29,2023-10-25,61.127.195.60
198a96b9-4d81-435a-a9f4-48b84789aba4,151,2025-02-17,4.94.40.138
5e362020-c841-47f3-b9a0-48767ede181c,184,2024-01-05,24.61.187.148
208356a4-70cf-48f5-894f-41291332334e,192,2025-03-07,218.97.229.22
1820511f-832f-46ac-a327-532ee788e718,221,2024-05-25,145.158.11.80
8ddfb1c8-5b7d-4598-9cf5-da70fac6efe2,75,2024-10-10,173.204.209.3
feb8a70f-e8c1-4de3-9281-2d4767bb7daf,126,2023-06-23,200.177.114.253
59c3b440-0c68-4123-8510-5a66fe675e93,272,2024-12-03,201.76.74.168
5ac99112-8bcc-432c-835c-ecd3f65b472c,211,2024-07-14,54.166.6.222
81f4a64f-ca58-43e8-a503-1d266c02bab1,290,2023-07-17,147.188.152.240
96cead19-ad4e-4603-9e92-060883668612,350,2024-03-28,134.221.212.207
4374248c-ec30-4dc3-bd06-ed4d2063fb34,406,2023-08-13,98.37.99.160
d7737da2-5149-4c60-834c-7d077a1c87d8,93,2025-04-22,69.53.163.97
42af3813-39f8-4915-9b3f-cd15418e51eb,88,2023-09-12,113.88.32.139
b5d93308-5121-4ba9-899e-ab375763477c,90,2025-05-03,2.50.126.103
7677b85c-1ca5-47a0-92b3-317b6614469f,41,2023-08-09,17.213.103.235
d488bebd-162f-4b7b-b1b0-1d523c360911,313,2024-06-02,66.128.74.243
0ad2a7ed-7758-4d75-8488-02166053cca2,446,2023-09-09,64.24.44.86
c59f0c56-ab26-4667-9e12-3ddc0c001a28,196,2024-06-09,150.193.130.247
a7981d8b-784b-484b-80e0-3110882da3a3,318,2024-08-02,21.163.33.242
1cbe6638-480c-4204-b741-5f3f3520e2a5,350,2024-02-02,177.18.139.64
2d7480ab-f937-464c-b39f-71795b655dad,124,2024-12-14,64.31.83.129
4bfb1819-1dc9-4886-80da-f7a5b81129db,255,2025-05-18,78.253.21.114
050e3bdd-b46a-4754-8af6-5b45fb6beb24,468,2024-10-30,201.199.186.51
e9ad79e5-a805-4a46-9053-c16ce80894b7,299,2023-06-06,213.142.104.120
d24e43c6-5189-42d1-8a0a-7ef9ce3c3845,74,2023-06-18,59.216.95.109
490884c0-4052-4ffe-afae-cb6a48a39b03,119,2023-06-25,208.20.115.95
3e295b88-c73b-4547-8392-190483694211,237,2024-10-03,60.179.18.93
d1e9b016-97b3-461e-b7fb-098a95bfdbec,327,2025-05-25,206.248.44.197
a3ebec52-e1be-407a-874d-80158813d878,131,2024-05-28,115.43.0.217
828eab96-5f9d-438c-bb28-980c9c38975a,236,2024-05-13,158.153.254.19
2313a1f5-558d-4213-afa3-831be46cb7a5,131,2024-07-31,5.18.212.252
5bd6607e-23dc-478f-932d-e36c7dea9b70,342,2023-06-14,122.101.114.178
96801a4e-4592-458d-b1f4-a989a121f1ad,5,2023-09-01,53.16.139.119
d3077178-abc7-4823-8891-fe8c2cc25be5,461,2023-11-14,38.245.187.111
6ea90fc3-679d-4db2-85f9-a82eb2da2cc2,412,2024-10-11,134.171.10.181
4c10475d-797d-4a75-83e9-76a28c650058,239,2024-03-16,6.80.89.63
4a1e2de5-fba5-4cd9-ba39-b20a73303223,462,2023-07-27,49.138.97.147
e2abeb97-30ab-4276-98f5-0defa655ad6c,148,2023-08-03,104.31.64.236
2bf171b4-344e-48ed-8c4e-135e4fce72e9,347,2024-06-13,117.219.209.152
49afc4f1-3c8a-42c0-a43a-5fa53feab093,280,2023-07-14,190.2.178.146
320d879c-a8ce-4dc9-b260-31236eb5c9f2,81,2024-06-25,49.113.136.52
8c975a37-c414-454a-a463-e2ebd736f20c,38,2024-03-04,45.7.9.245
70c35817-1169-472c-89ba-52b3cb0c0766,227,2024-05-28,114.67.77.37
431be72c-37ad-4f09-9b46-12cbfe64bcae,484,2024-04-20,152.197.20.98
5733a5e8-ff5b-42a9-b923-c08ff7147d0b,177,2024-05-14,210.59.232.64
be01f7b6-b9a8-4820-a4eb-abfa6578896f,301,2024-02-14,111.79.21.84
1fb7b81c-3ad4-41de-a957-8ae44a29d6c4,154,2024-10-16,39.154.251.108
48222e0b-194c-44ae-8ab4-79e0800ec316,328,2024-10-01,7.170.134.157
11112049-0e18-475f-96a6-0a81ab4d27c5,493,2024-10-27,206.18.72.243
d73b525d-9eee-483b-88ba-0413dd59d332,218,2023-10-25,181.194.105.220
71a9d633-d25d-47b8-82f6-0fec75d432fa,354,2025-03-01,146.12.133.151
a5288c9d-246d-4e9b-a251-73a57ef9cac0,129,2023-11-08,2.111.113.74
e1869ce4-2623-4586-8173-518250832602,234,2024-09-14,34.140.45.143
c29d0fe9-bd36-4492-a75b-abe3733fb884,433,2024-05-13,64.73.160.130
77bb91ea-af98-4b69-8f9c-196b58c7230c,155,2024-02-16,82.216.191.112
df840001-a854-4430-b528-c818034f5a6a,102,2023-07-15,160.166.78.105
8a73a3cf-85e4-4083-b423-56f72d8d1c30,197,2024-01-14,189.230.92.236
29264019-9ac8-478c-9005-2cf5e11d45ba,437,2024-10-29,206.87.218.143
b29c64b6-c162-419c-99d0-49893abf123f,248,2023-07-19,115.194.202.23
76ef2bb8-31fa-4f43-afe7-ed273c5d62b6,55,2025-05-10,65.65.246.61
9f9745ae-fabf-4f3d-a4e4-f5ecbcb04fc4,122,2024-12-13,118.114.59.122
44a046c3-cf12-4629-95b6-cfd8bb79cf2d,196,2023-08-21,38.123.237.220
533282fa-77d1-496d-ba38-1723b864df8e,293,2024-10-02,183.23.199.141
e71c0a58-e423-4dfc-bcfc-de476f359b6b,184,2024-10-30,45.99.211.173
b9b24a49-cd6d-4d3a-bde2-0e1d18e87803,295,2024-08-10,15.158.209.243
bfcb5a41-0c79-4753-bc66-861d11b8b987,152,2024-02-01,130.155.88.32
cad8365b-7790-48ed-9e84-0e01c0860845,359,2024-10-09,25.151.187.33
32b1766c-23ba-4340-9efe-d7a310040473,152,2024-07-29,14.105.109.12
bedd4b39-6d8a-4819-bd49-fa4bc2b2167f,12,2025-01-29,58.44.118.68
a6e2fbc7-6609-43e5-add1-f244aae97549,425,2023-07-04,195.159.232.45
d254a444-9436-42a8-b254-8ba82872ebff,338,2025-05-01,63.191.224.57
fa08ddde-168c-458d-b581-4989f7c5fa0c,203,2024-12-14,74.55.45.179
a471ef81-76b1-46f5-8195-033e871b581e,141,2023-08-30,72.23.59.252
dd226bf5-8664-41dc-a580-13e8d57a1dae,5,2025-04-09,38.101.239.56
5acc95d5-db1d-4cb3-8a06-bb72be0a970d,290,2024-02-09,151.186.188.255
8912f5bd-965b-4b46-9a40-418c2f9eb3d4,443,2024-04-29,28.144.71.133
80eca392-8d01-4c3f-a202-239f9dbdfab2,352,2023-09-15,36.121.127.53
6ab92101-c2e3-4b6c-accc-b4ce8628510e,399,2024-03-22,72.126.227.163
b76b8e30-b1bb-496d-a5ff-ccbc9bfe6604,382,2023-06-02,59.67.198.106
f628ad5c-358b-4a25-b6d3-e7db751ac385,499,2025-04-27,176.36.182.92
b73ceba4-c2e8-4514-af00-55e16fa0def4,26,2024-12-19,96.157.160.196
ea5fec2d-d796-441b-a397-8431d54e9c44,467,2024-04-16,187.9.192.110
2b473700-73a0-4e44-b5b8-713032ed5b77,311,2025-02-27,153.19.218.171
06fa24ae-7641-49af-b4b0-77f603e81cb3,382,2024-10-22,164.203.161.147
f82b8bc2-3578-41bf-84e7-0fda2e524c11,255,2024-04-14,152.112.38.185
73b6db13-2d04-47cd-8830-984a34afd680,427,2024-01-24,138.27.20.189
0152d3de-c4f8-4aa0-86bc-9dbb3f3c1801,463,2024-06-24,191.8.181.184
146f72fc-68d4-41ea-93ab-bb7649dbe72f,463,2025-03-15,191.25.152.40
623c881c-0a96-486e-8022-93d8d7c03855,147,2025-02-12,146.65.206.16
84b4f911-b059-45d6-b990-e8774c913bbf,398,2025-02-14,100.7.9.188
45b4f656-af68-4915-8ca7-bf1861804880,410,2023-07-18,56.149.127.120
4dc24d74-0581-4bf4-896d-a5ac25204a3e,118,2023-06-07,196.6.255.116
64f2dd82-43b9-4d7a-8188-9e90d68f43e3,311,2024-09-19,13.27.170.218
93e9cb5f-53ed-4e45-b099-879001cb16d1,411,2023-11-29,46.208.244.231
565e986f-8cba-46ec-b69c-cb6bf4aa29f6,181,2023-10-11,132.249.74.182
32e11374-464e-48c8-96a0-92a64ecbcf84,113,2023-12-15,145.213.47.132
8f2cb7eb-01b3-4ef7-a37b-9758355ae459,326,2024-03-26,201.192.3.165
1c6b5827-34ac-4bdc-8d93-8f8ed235814c,98,2023-06-14,199.207.25.204
8e1d0ecf-d51e-4f2b-82e7-d391b8a1b83d,318,2024-03-02,202.59.29.128
8e215370-d2d4-4a53-890d-8c9fe43459d5,129,2024-05-02,123.206.53.155
418a174d-4f7f-4d40-b8f1-9f4752323128,348,2024-12-15,21.253.15.215
028cde61-3a1d-4e0f-b3e6-8640ff506e09,387,2024-11-21,56.133.21.10
3c3b17d3-6807-40e2-b031-39522b175791,370,2023-09-26,36.73.145.206
b87ca258-827a-4996-9f54-4a995a396b30,393,2024-11-22,135.171.216.243
00d9df21-6d7d-41aa-b1a2-4218b4d4c744,338,2023-06-28,205.242.157.129
43687857-27bf-4ab9-b2ad-5dd9f43202cc,349,2025-03-21,210.109.176.238
389e8d44-6ed7-4c96-9d3b-8ed0247c3545,430,2024-05-11,178.234.68.141
694701f5-208c-459a-b536-756329345c97,71,2024-12-30,164.162.125.251
ec7c74ec-5c3e-44fd-a7da-965ec0d5ec43,322,2023-10-22,170.151.187.15
e1c9119c-48b0-4572-8c34-23c6291e2beb,50,2023-12-29,170.25.72.117
3a81899b-5d40-4eb9-a676-66849b682f9d,463,2023-07-31,109.224.15.66
669bfafc-85f1-4bee-94b6-1bfef0bfa338,322,2025-04-29,197.99.115.207
cbec3836-3c56-4ebf-800e-deb0b1315b34,331,2023-07-23,59.139.31.23
3bf83967-af90-40d2-b87b-8db562a2ff20,21,2023-07-05,79.223.233.77
b9e9e6eb-83fd-454b-bbbf-8ecdbea98b4b,159,2023-08-13,3.204.6.37
0213cd2f-b610-492a-a661-4c166e586350,404,2023-07-23,149.123.7.164
ec2ba605-607a-4c39-89f7-4defd6b8350e,226,2024-01-30,204.90.41.52
f0f0c6f9-d138-43e3-ad0b-6575ca9b3038,18,2025-02-07,161.83.105.27
67c78d7f-2719-46ee-ad40-f776216dc612,297,2023-12-25,141.190.41.92
9a372479-b8c9-47e6-8eea-74848211cd9f,187,2024-03-12,131.82.129.98
8c3d6bdb-8b7d-4061-a3e5-390d12dbfd7c,375,2023-10-17,135.199.212.20
8ca3f1e9-6283-408a-aa06-a51703ff4ce9,68,2023-08-09,64.245.87.12
62519225-5f6d-4cef-9b06-e220529a7b42,47,2024-01-07,190.126.192.23
c390e77b-218d-414a-bea8-8b8f32b3daff,466,2024-03-10,14.240.22.30
0358f1b3-00ca-44c7-a276-33d6765371d8,152,2023-10-06,186.243.138.224
eb5ed7c1-33f7-42b4-9c97-1738b8236c2c,168,2024-07-29,197.21.11.213
68142f49-c71d-4143-b6a8-4d8417561e7b,383,2024-10-17,156.66.214.45
289a1db4-1e58-4c1b-bc20-95c003ecde5f,213,2025-05-24,37.50.245.57
6f97f289-8603-484e-93d3-7da8e2b66a7e,90,2024-11-08,57.116.113.208
5917f243-36bb-4277-94bf-20638a0af4e6,103,2024-02-15,138.79.205.21
cd64c8ec-22c6-49f5-88fb-7b5c5c9897e9,68,2024-01-18,110.148.32.240
15c64237-2248-4a6e-9c26-5440d73d1394,403,2024-09-29,206.189.86.66
ee97feb2-a62d-4da6-9f44-238fdead2aed,277,2024-08-24,90.252.78.55
cf8beb33-a812-4a66-aea0-8831dd8ea481,449,2025-01-04,30.201.13.8
f80d2274-3ca0-48ba-bb6c-67121a06a9d6,498,2024-10-14,123.222.124.43
8e95ec4f-fe27-4804-9189-46824292a505,188,2025-04-17,121.146.97.141
ea078b17-787f-43fd-87b6-887ef51b48d0,272,2024-10-24,206.250.41.23
04621413-2ce8-4d87-a3ee-c10f43bcc8d2,257,2023-10-19,161.111.220.2
6386d200-1a9c-4d42-9815-51cfbfb3ba28,468,2025-04-17,142.165.205.225
13fabdf3-615b-41a1-bd30-5c712624c7b8,140,2023-11-08,191.158.229.252
13b7d32f-a357-4ed9-a330-1d8b9dbfc475,426,2024-08-23,112.23.19.235
70511151-0d0d-4195-8124-ddd88e4cd782,85,2024-12-18,109.145.220.228
5a682125-583e-4cd1-8e51-80d3f3c2b6a0,132,2024-07-23,93.238.232.64
2bcf501d-3d7f-4992-af79-d0db49fb88d1,468,2023-07-13,159.87.74.56
83bd320c-8c32-461b-bda5-8bcf7ea649de,423,2024-05-01,120.150.124.192
90e31608-ed2d-4d04-8738-4fbaf95523ae,484,2024-02-22,74.103.134.244
88c62754-85f0-4c76-a487-96999fa69921,247,2024-01-15,192.240.177.170
3c7d70c4-c3aa-47f6-a269-45440127177d,496,2023-11-23,34.72.62.55
47d9ed41-c162-4140-8be4-232631a5b7d4,413,2024-01-03,61.117.138.177
659666fa-4ab1-4de5-8c5c-9ca7ad1f11ef,152,2023-12-02,180.226.245.133
1a8e6e90-d72a-49f4-9b4d-501ad794e5a5,383,2023-07-13,75.239.251.131
70c08eb3-59bf-4bb7-b42b-f4cc68f934fa,446,2025-02-10,98.20.18.110
3274dfc8-0a56-4e3c-ba23-940f84a807e7,174,2024-08-17,55.138.246.121
ee62b8a9-9d62-4a7e-b8ad-452e44131ad9,412,2024-04-10,38.95.13.201
a58c3f2c-f687-4eb6-90b2-bff061ad5752,59,2024-09-04,21.228.156.131
c15bda85-d02e-4d70-a587-26c99584f068,240,2023-09-26,76.84.109.75
80120e71-6e08-4827-b727-fb33a58173a3,494,2025-04-18,53.250.69.182
712e90f5-9a16-4028-99fd-47e5883b7f01,39,2024-12-16,113.191.21.2
d20850f3-afaa-492f-9c48-6a9e0c456ad0,73,2024-01-22,186.208.20.167
0f695cdf-966d-4e32-95e4-0643840faf59,387,2023-09-14,220.235.36.236
3d07ab52-04f8-4d93-abbd-ff7cc4d41f45,495,2024-06-01,143.170.179.227
103b9a11-c9cf-4a0c-ad46-160b7b727cd8,116,2023-11-20,38.104.110.149
1d74dacd-c4dc-481e-beb5-68ab59824ecc,441,2024-08-24,181.14.163.211
799c2801-862c-479e-8e71-5c16baefbbd2,347,2024-12-03,29.126.31.236
c6aafbe9-2a1f-45ab-9953-d273c7ec3157,371,2024-06-16,66.228.99.56
4e0edb54-202d-41e7-a5d3-04ecaafc8047,346,2023-07-08,153.241.225.74
45b5cff2-3799-42f8-8e41-d97797d0b547,204,2024-07-16,152.149.195.11
94c89d71-ee82-4149-af57-9d4104b49ae2,496,2025-04-25,111.175.124.85
77a4ac9e-40cb-4ea1-9448-8d442c3cd286,434,2024-08-23,221.189.218.221
5c3c86a4-22d3-47df-8557-ae063637b153,412,2025-01-19,13.199.97.124
b97b00e9-326d-4dc0-aed6-38ada0aebb52,286,2024-04-20,88.39.216.5
8e70c627-a50a-4e8d-9e8c-48231691c560,188,2023-07-12,32.173.224.106
599cb65a-910f-4d1f-966c-344c0a8fb557,47,2023-07-29,131.213.240.239
a831ceb3-f1b9-4ec2-8422-a842638a23ec,405,2024-02-25,66.196.100.51
ff89e216-7b97-488d-a980-23bd1a5d4184,203,2023-09-17,92.191.207.223
2c3742d8-0105-43d3-b656-dacaf9b10592,8,2023-09-22,212.132.70.249
e726bb28-91b4-4d45-b1b7-9593529aab81,136,2024-07-09,219.214.95.79
b7c80ae9-538c-41cc-a995-ad879132154e,275,2024-12-07,26.133.149.32
5475e91b-344a-4151-9179-e40471698920,64,2023-11-03,92.26.209.41
aa8c14c1-6b0d-463b-ac48-3ea6511a394a,233,2025-05-11,143.180.85.242
43965f72-9a90-4b98-bf0d-cab1e7e2c51c,189,2025-04-20,103.55.4.61
ab86d414-6cdd-4a19-9fc1-ae887a002c35,345,2024-01-02,152.90.177.232
bc1ce039-61c1-4b50-aac2-631f5632deab,384,2024-12-16,188.249.83.31
27e7cc17-7b0d-4dca-b8c4-62873ad58fc2,345,2023-06-04,100.28.95.90
9f547e41-3f01-4cdc-9111-2f21b6e64420,135,2025-02-15,182.234.164.105
7f4748a3-bf43-4dff-8947-6a8cf15ef44a,300,2023-07-03,177.141.168.133
15a3c5da-db8b-48b0-befe-aec95918912c,196,2024-01-06,131.122.150.149
00b51d26-f9e6-43af-abeb-9182e326d5af,422,2024-06-29,100.30.22.209
0815357a-c9b2-4139-8428-5199eb4d777f,327,2024-05-16,130.50.156.18
1457d454-5697-4507-a8da-bcb45164986c,482,2024-05-18,191.20.40.64
69355927-8baa-4239-8ffc-00684e2997b3,191,2025-05-23,87.222.204.179
616906a0-a574-4c17-98ef-e45d7f0c5bb7,56,2024-11-06,69.202.210.175
1cef3359-2b2e-47d4-a283-7b0b7060a3dc,346,2024-11-25,85.246.3.233
54a5e190-0bb9-4a95-8c88-4ab626a4fd1f,120,2024-12-05,164.178.140.215
dbdf9192-dad5-4bea-ad2f-93c62b67850c,242,2023-06-30,161.134.45.232
4f504307-c005-46fe-ae7e-af6f751b6679,13,2023-10-24,74.178.115.239
e8c6ec16-1f1a-460c-b788-506ec8bcb183,318,2024-06-05,139.73.103.103
8f54db7d-14e3-4760-b955-39c3b6018444,453,2024-02-02,123.131.141.29
e1de45a0-690b-4282-80d7-5d115688bda8,483,2023-11-08,169.92.38.44
7a424d3c-8602-4654-8bc7-f5be71094136,288,2023-06-15,42.87.205.100
0f3f1b82-6623-4b35-b6fd-00587e38f8fd,168,2024-09-29,72.9.106.118
84e060d5-13d4-4f58-a083-97f59aadedf7,469,2023-08-19,73.248.251.198
dabe0a36-c634-46f3-88af-ff2e3e4614e8,313,2024-07-02,105.171.255.46
93086ce3-56e8-4728-8ace-5702403afb4b,114,2023-06-28,20.54.202.195
45a70d85-6463-4b47-8744-b4fa16d9c2be,332,2024-09-08,164.68.83.87
d390b36e-0d53-4fb5-b7ad-f4ace604639c,33,2025-02-01,47.156.235.118
4ab67c71-b25f-433b-a8f0-504414d6d88d,326,2023-09-04,7.229.230.205
39e9c455-5253-41ce-b767-a089c94cc4ac,422,2023-10-24,18.75.187.150
445dfbf6-0689-4b3b-b6d4-5f11e559159c,238,2024-08-06,136.227.125.117
13155708-926b-43a7-bba3-d92df303e303,466,2025-04-13,182.62.106.166
3473d18a-f367-4125-b515-81e3e019a278,359,2024-01-05,104.138.180.137
dfce6081-1de0-49ba-9778-3f4136abc9c9,155,2025-01-19,35.170.229.101
8d754f35-876a-45cd-8d26-bfa46bdc874f,333,2024-04-25,88.218.53.75
cb39a0cb-762a-4f55-bd87-4362c5d1da5a,210,2024-03-14,179.73.155.15
c2923573-d644-4b26-a51c-fe9a6354dd82,60,2023-12-03,83.133.145.102
5b237554-8988-4501-a4b1-dffbd3bf51b0,72,2025-03-12,19.11.62.213
b6c52471-0fa4-4ac3-8100-4123883b6488,24,2024-10-27,214.188.241.215
73d66fa7-6577-4d9f-8601-d87e05564aa9,485,2023-10-03,38.31.115.40
348f0dca-e0c4-4555-9ca9-d04834750856,20,2023-10-17,126.51.190.237
8ba2172b-56c9-4da1-b114-a7bec4aa1259,156,2025-04-27,144.186.121.132
19cbb3fa-31e8-4b09-b33c-bdc9f3daacb8,253,2023-06-25,42.62.86.231
0dc848cf-f729-4a1a-8b48-2f4807c45583,60,2023-08-18,54.243.192.35
e91e987f-ddb3-4e67-9071-500d70ae84f5,50,2024-06-11,23.16.48.229
b940ff2c-e265-4f21-a2a7-40ea20df9abd,121,2024-06-15,182.43.249.16
a2e50c96-fc80-4e97-bebc-2949e4d8343f,455,2025-03-18,190.126.30.39
dc0b9051-cc0d-427b-a3b5-202a33f01189,276,2025-04-18,118.94.230.220
f6326365-0bcb-46f8-991f-d70d5cbf72b1,70,2023-12-07,190.248.96.207
f1323f17-ad7b-4f31-9fd9-cb9bbe0bdf35,199,2024-01-09,68.109.135.225
1c12f7ca-e89b-43f9-9a37-b8aeadb60c45,233,2024-01-20,214.245.155.19
fd31dbc4-21c1-4111-af0d-51e981ebd7a3,190,2024-05-26,208.204.218.45
794f3ddb-7fb3-4947-ab20-648af8d987f3,344,2023-07-20,211.216.120.147
3e587251-7b53-483e-98d2-973cb80b0112,487,2025-05-14,79.28.184.46
01bb4e3e-4ccb-4010-9cf2-87a05ba444c1,381,2024-07-17,86.47.125.38
f21f6d66-0c01-4777-b354-e1b57a5aa80f,357,2024-11-28,97.52.213.92
44e02e59-49a6-41d6-af79-a5c400fe7592,485,2024-01-28,18.213.171.97
8bd6a110-e35b-4a9d-8f23-34df978050ed,277,2025-03-14,125.63.90.141
1c7a35fe-80cf-4fe2-a0e0-c819588ae92d,215,2023-08-04,143.136.108.141
caae414e-0e6e-4996-8a4f-a256f2c6ab50,301,2023-09-07,54.83.69.28
a392c3d3-d962-490d-976f-b7cb250689a2,381,2024-01-31,220.36.7.181
f0312fca-55c8-4a3e-b30e-f61970645301,373,2023-07-07,137.132.247.185
55f1d53a-7ecf-4ddb-861d-2b7aa7259dda,80,2024-01-10,212.111.127.188
1f278613-c5d2-4c4f-91e4-3b0d312ef67b,454,2023-06-27,80.15.76.118
0617260a-eaaa-4ccc-9845-b8edc3593b4f,213,2024-05-21,132.129.27.141
36ceb606-4d21-400b-858b-2488e72429f7,336,2024-07-21,211.163.237.1
adf66b5a-7c11-4fda-8fe1-a8ce2bea3246,51,2025-05-04,221.116.99.228
0769cd09-e805-45a8-aec4-a37c2601ad51,427,2025-04-13,111.204.176.245
0cd76f2e-ffe0-401e-9e54-b02e215d8429,251,2023-06-07,138.218.19.104
4f0d60f3-e1bb-4de7-a38d-a3128589bb68,316,2023-06-23,163.155.128.136
a4c44e58-46e6-47b6-b0b5-0b1e5ce93ba6,209,2023-07-27,90.199.110.170
f078c5b6-c1f5-4eab-8d33-6effdfb9b23d,481,2024-10-13,216.53.91.158
e90441ce-4698-419c-8b82-ac994f3badf8,488,2024-01-12,215.233.227.104
5fa15e4e-7554-4f39-b84c-d599239fc488,144,2025-02-12,96.187.32.201
d2a93f65-c87e-407c-84d0-423ffc0e3bdf,17,2024-12-28,137.132.197.119
69c390a3-0976-434d-9209-c97bc5d0b85a,354,2023-08-08,207.198.208.21
178b62ec-4eb0-4ff0-8ddc-c416b3f7ad45,190,2023-06-06,119.100.178.200
8fc27a80-885b-4243-84ca-f72195e05d4f,112,2024-08-09,201.92.110.185
35d70618-5f0b-4697-ba50-7b9870a02a6c,228,2024-12-28,167.157.251.24
22e092bb-e26a-4c74-a37d-dbc451035ad1,228,2024-03-26,130.123.216.46
72bdc4b3-8cfa-450c-8bed-92be8c7a53e1,487,2025-02-15,206.88.122.101
0a732734-dcec-4918-9711-8d6e03231886,121,2024-05-15,188.196.119.240
8b834669-5842-49a1-abb8-32c3ba6e58d6,438,2025-02-25,154.125.115.157
43beec97-3ff3-463d-b69d-f6692dc4bd13,186,2024-09-03,220.60.235.233
6f177b84-73a2-468b-9257-cad5883f030b,51,2024-02-26,215.103.187.30
a49ac485-f9c1-4193-8612-3049ef9f1b07,352,2024-11-28,7.169.120.2
d70de659-cbba-4bea-ae8f-0ac2ecccc2d7,189,2024-05-09,146.80.244.41
f26b4f00-eead-4f20-b166-e83ee3658c7d,279,2024-11-16,84.0.186.129
28354d65-803a-4f6b-9ff5-b1ff67cf022b,462,2024-05-26,4.186.89.174
92c18e7e-c555-4695-bc12-97f2692c0b34,331,2023-07-24,126.171.173.29
8c1c41d0-99b8-4cc6-82ea-77b623e8ef8a,184,2023-11-17,3.120.65.218
1737ee6b-511b-4c94-bfe6-b6db65a68dd2,32,2023-06-17,160.183.24.180
cc26eb92-d3b8-4e71-a2f5-20872c763d4c,204,2025-01-27,101.134.100.99
5ca83c63-f9ec-40fd-a233-7cdd915f2030,142,2023-12-27,164.53.90.108
2ec51a72-6054-49e1-a706-81feaae6ae17,98,2023-10-15,152.25.217.237
7a762b0b-aa1b-45b4-a245-b94e4881ed20,496,2024-09-02,182.169.211.235
d9d64c96-2762-4ed3-96c4-ef7afe1fb97e,63,2024-11-03,104.49.197.116
b782383c-2c00-4e36-a966-173680157cf3,486,2025-01-08,199.200.56.182
15abaf1d-ef71-4231-87c3-3dbdc41bd0b5,435,2025-04-28,126.213.144.200
45e1636f-197f-4ceb-b683-f4a1df00626f,422,2024-08-04,89.211.4.204
a914c903-3175-46d6-8038-291484eeacbc,233,2025-04-26,104.149.150.56
b4130fef-050d-49f1-b503-b90e8eb9c392,47,2024-03-27,69.56.64.80
fee58d26-7f90-4670-872e-a2bd5f55beaa,340,2023-11-19,175.39.106.153
805e99b0-fff8-44c6-bdf0-66f37a94375e,109,2023-06-17,36.137.206.180
395067b1-0dad-44df-9302-cc90b1443fbd,329,2023-10-31,178.214.172.71
f0b4fc32-2911-4573-b7a7-61401176a2b6,328,2024-07-22,23.127.160.154
04973e58-413e-48a5-991b-961a940b5eb5,306,2024-02-23,165.195.136.211
c7a270da-7552-4b4b-9a11-389bf7a809e2,498,2024-04-11,176.38.207.177
e5788925-e474-4399-85d8-664595835611,11,2023-11-15,173.20.56.31
9989887f-ed1d-43d9-91ec-eac351b52b1c,26,2024-03-29,51.8.98.84
ae3a91ec-7248-4fd6-9809-e8160ae208c2,403,2024-01-27,23.144.105.128
a4325f21-d559-42bf-a153-3ce923cd9439,171,2023-08-12,173.15.36.35
ed4f7a51-2150-45ab-8802-6dd140e76d01,125,2025-03-19,105.96.253.78
22096431-a918-4571-b0c3-55c7040e93c4,65,2024-06-21,43.233.121.76
6afe2213-584f-4913-8953-a899df53c05a,403,2025-02-20,156.107.173.193
de3d038d-c1e4-4b2e-b323-1203b20df063,290,2024-11-11,144.213.91.70
d29b7ebc-6e5c-497a-9e5f-e6e9649b2881,106,2024-10-06,92.122.7.90
62a3b8b7-6bec-4954-8a0e-d1aac50b0f1c,36,2023-10-10,13.39.189.70
01f72471-65c0-4973-b5fe-936a1ed22b28,425,2024-06-12,6.133.235.222
51e10a0b-2f5f-4f7f-8281-77327638b394,392,2023-06-16,91.115.15.192
d494fa02-8f48-45d7-aee1-3ce0dd22a087,284,2025-04-16,182.242.251.37
4c0719f8-a64e-48c8-9257-5ee4c307dea9,107,2025-05-21,198.255.220.193
880c8e7a-6756-4c0b-a820-dbd75492e194,301,2024-09-06,131.41.83.41
34f6b163-3763-4f52-b38e-d8dcfae548dd,111,2024-04-08,164.188.138.143
6ba1ff99-df13-405d-89e9-c4165e80e768,417,2025-04-02,166.220.216.13
62052360-984d-49d8-940e-33e67040265b,446,2023-09-28,42.153.120.160
a221b660-e8fd-4352-b573-13236e373675,120,2025-03-21,159.252.96.21
a4853da0-a8c8-4016-979e-ef3c12e0dddd,169,2023-12-02,110.152.225.109
0fee8037-9327-4aa9-9ff0-2029a66cf533,397,2024-04-20,191.59.104.52
ca52f7f3-6ac2-421c-bda0-ff9e0ea6700b,76,2024-04-29,20.151.238.31
5af83e1f-94be-4235-bebe-03e8aece7187,404,2023-11-26,96.137.166.149
24363761-53c8-45d1-8241-d030c24b3ead,462,2024-12-05,32.186.239.197
8b62c9ec-164b-48e6-a9cd-f04d8daf0b14,306,2024-11-30,52.186.110.237
5107c012-21de-4dcf-b407-6fad6e698539,2,2025-01-05,182.69.208.60
851e1f41-8ec8-4f3b-9626-e95d02c4a0af,142,2024-05-31,48.235.184.172
d653d2d0-374c-48bf-9031-393f04b86e45,440,2024-04-25,33.43.91.72
ad960df8-8429-4d45-abfb-876cb1a55af2,75,2025-04-25,77.12.214.132
87652020-064a-4573-b82a-958c3c07be0f,67,2024-06-12,144.232.87.163
03905e47-75cc-4443-b576-4e1d70e23835,277,2024-02-01,128.230.203.97
1a188e2d-7d66-41dc-976f-16e443297f1a,129,2024-06-13,11.221.57.89
52c006a8-3e68-4724-84e1-927ff341df44,409,2024-06-02,136.156.25.97
9bb3d962-1688-4860-bab0-7e18276093ce,90,2024-01-05,144.65.148.134
6a7cc463-3e8e-4d9b-ac3d-0f13120a7799,57,2024-05-30,14.185.193.238
ecd228c3-60e7-4350-9bc7-9358506b836d,339,2024-06-09,115.126.147.175
3c712dd3-95a5-441f-887e-2a78aaf21400,444,2024-09-12,10.31.45.218
9d2fc070-946d-4671-8b1d-432594d2b531,14,2024-11-14,68.209.248.245
9321d5e0-9a19-40bd-a35e-a2c06bb38a8d,68,2024-11-27,167.89.130.253
1dacdd53-787f-40fc-9d4a-ac3d41b7fe3f,8,2024-03-27,152.81.54.212
de3c65f3-a491-4cfa-bb11-25e18fdea60b,184,2023-09-30,168.52.249.72
9cab3add-268a-4896-bfd5-0f2ecf8041bd,405,2024-03-09,141.212.225.21
ff491807-9ac1-462f-a55e-286c47226485,404,2024-06-17,179.209.103.88
5d2e6d96-6900-4054-963d-8a4c66a39203,122,2024-09-03,134.179.141.166
cacf4257-5326-4be0-b5ba-f6b6710d69cf,302,2025-05-13,94.254.119.13
16cc90bd-b166-4dda-9bc5-74217b8386af,166,2023-08-08,50.226.107.135
e13980a1-4c5e-4a74-8b3e-d79a9fa06386,9,2023-09-26,103.88.13.119
77d5de3c-c1dc-487c-996f-071dfd07a222,90,2024-10-16,70.8.124.249
7648b8fa-c476-481d-b88e-9f8a1a856d58,136,2025-02-18,219.136.151.53
631179fe-f67d-4c2f-8e6b-768c22a9e4c1,27,2024-07-28,112.55.78.110
0dd76703-750c-438b-a3e4-a58747301356,65,2024-05-18,58.165.230.84
3bce15eb-9c8d-4cf1-b7b2-e16273747ada,380,2024-04-05,169.144.238.222
7ef9d27c-3abd-40ee-ab98-ca3c796d1a66,216,2023-09-02,93.60.182.7
92d8c766-9f8e-4c09-aa2a-f5e76e9cd871,270,2024-03-18,77.103.242.29
1a4c1435-b914-44f1-91dd-2ed8a3bde099,59,2024-12-11,2.91.178.236
e1d840b2-3e88-47d3-be92-a3c2eb2c182c,382,2024-07-25,110.104.101.191
df35227e-dd6f-4e55-bcf2-d3c761b03467,33,2024-08-22,7.91.176.98
a4b553fe-b1bc-4abb-a93a-fd5b7304ac56,244,2023-12-06,153.108.242.148
be24058d-8984-461d-a295-96da8be8b9eb,230,2025-03-08,140.190.214.199
3ad6614f-c6e6-4e76-9414-d25bf39284ab,399,2023-08-18,80.162.46.29
33098c69-4498-4709-b15d-4b38bdf263af,186,2025-05-28,25.33.70.85
ec7cd84f-a0aa-4802-8d29-309e272fdf27,263,2024-08-06,25.208.20.175
b6964604-9f7a-49c6-bb36-0c90f2d9094d,304,2024-05-07,210.144.253.123
74aad53f-4884-4c14-9be4-6fb3ba64d55a,56,2024-05-02,77.104.162.81
f1a48116-50f4-4209-a447-6f562c0dd461,232,2023-10-17,134.38.70.215
4ca2b81e-51ac-4570-aab1-7bb8439d7bb8,258,2024-10-16,181.243.63.220
bf4a8319-5a56-4be3-a906-28514ed421fb,114,2023-09-07,57.159.189.98
f053fc60-eac6-45e9-9a9d-c38c278cb589,485,2024-07-24,192.126.87.248
b7e57741-78a6-4b13-be71-e78e1fd407e5,315,2025-03-23,147.133.113.131
a9146096-95a5-4fbc-9c1c-279c4c43f10a,23,2023-10-27,191.209.104.208
f195bfa8-7614-469a-b4e4-0363b1350d7d,373,2024-05-25,66.212.74.176
c05465e9-1e49-40ed-8cbc-8bb7d6edef3e,402,2024-03-03,202.13.164.10
98880813-5be0-4943-bef8-5c82532992ec,466,2024-02-16,132.87.170.237
abd55f50-ede7-4380-a4c6-a98c16b78bfa,444,2023-06-12,24.139.98.55
9d700c03-fc62-4f4b-a687-81a0e9b3c37f,338,2023-08-14,205.185.195.30
63509a75-6af6-4bb3-8dfd-b32f65640dd6,267,2024-02-13,133.22.64.25
bcd64644-4ffb-4965-a82a-43fecb894f40,155,2023-08-15,86.159.84.95
5dc86619-127e-4a1a-a860-087cfdc28f59,235,2023-06-01,97.40.113.245
8f2feaf1-c80d-4e35-9366-cbfbf1e17b1f,330,2025-01-06,116.128.166.80
e743b920-e093-4e72-a505-dde0b5632f1a,494,2025-05-29,67.207.237.114
d542c731-be9a-4d96-b736-97872835f40d,16,2024-09-08,24.39.76.231
6d3e2127-0a65-4d0d-b89d-4951db40528e,32,2023-08-01,122.44.138.202
db5e1869-4886-40c4-a59c-c40fdcd9898e,246,2023-12-09,204.18.29.4
7d1c5f3f-9cfa-442d-93d0-87a455b20d6c,434,2024-11-17,84.96.161.65
b1420805-d087-4a2b-81a9-7da2b166e36d,206,2024-12-11,149.23.200.59
d6094b27-bffb-4260-ad70-abbf24a07284,219,2025-03-20,98.205.117.156
93cbd75b-4bce-45fe-be87-1647b3c202b0,352,2023-07-11,57.33.80.154
85233c0c-5271-4df3-86bd-d4dfab92de89,56,2024-12-04,44.75.151.230
2d1bd497-ac01-4119-8c56-990efc95e568,252,2025-04-06,93.232.203.244
73c54018-eded-46da-a07a-4c952fec83f5,365,2023-07-16,88.98.157.164
4bf68d99-2e56-473c-9209-801ea3d9f266,466,2024-09-11,105.220.95.186
0c17e4a7-88c6-4119-89a6-5f05a378072f,228,2024-12-20,188.33.121.252
c3c1ccd7-cd21-4632-b2ac-5091af1bb845,38,2025-05-24,126.70.253.134
119a09ef-82ee-4c41-aa01-25fa567fe517,461,2023-11-13,125.150.78.99
bb166eb1-c37f-44d0-b398-6b2c2862ed12,42,2023-11-12,105.74.218.77
93d8882b-c546-4956-a142-8d4b3570406c,165,2023-08-29,175.128.8.117
f1a02956-ba5e-416b-b8ec-8c4c03dc00b8,312,2024-09-22,101.159.20.101
1d467e90-0466-42cf-b859-f76dd76f3506,76,2023-11-01,59.135.148.133
98dd11b7-a700-4d3e-a655-0ec5405da471,34,2025-01-03,174.34.123.210
2355d152-a8ba-42e5-8d33-37a4485bd843,65,2025-03-16,195.239.240.68
336457b3-d568-41f9-9994-53344d4770e9,141,2024-10-24,160.133.230.196
eb4c09e0-26f5-4d0c-b73b-115126d7d0a7,320,2023-10-14,23.105.149.192
ceaff015-b2d4-4e2b-8168-68c128415498,325,2025-02-05,2.29.229.3
7be41637-ea00-4a73-ba47-3420b8feeb1a,300,2024-07-30,111.5.186.195
33dbc8ab-b972-4384-8294-95c9dabff982,281,2024-01-20,84.58.119.172
c30b306c-650a-4aba-bc9e-6f752aed55e1,365,2024-02-29,71.103.184.133
56e0deff-c62f-460e-8648-220435e65e53,167,2024-12-15,198.197.149.148
25e3bce1-7e16-4f7a-b423-11164b27a1f0,196,2025-03-20,58.77.16.52
78f8b0a6-53e0-4b07-8fc4-2d985f1609a1,306,2025-01-15,8.5.87.68
5d466b4f-4210-4ba9-99ad-388d16a8975e,272,2024-07-21,148.98.108.57
9f991de3-1768-4b5c-93d5-f5540badf9b5,151,2023-10-02,207.126.47.89
910a0c55-e48a-400c-8d46-3272254ff4da,233,2025-05-05,144.164.186.1
5e566db7-b600-4393-865a-db5f4f3b823f,259,2023-12-27,180.76.132.242
d3409dbc-cd18-4a2c-937c-39c772aaa1af,310,2023-11-21,111.218.110.176
aefbadb4-4288-4f89-9242-3dff90a4c562,221,2024-06-16,180.42.95.36
0842cf5e-2e3e-4479-816c-56992f6357cb,51,2023-09-20,4.28.247.194
65822bdf-1f07-495b-acfd-6eb368e55c7a,407,2024-08-15,178.85.47.220
b5440077-af5e-4356-a8d9-ca98ace72798,360,2024-06-22,99.222.107.182
b5072bf7-889d-4e59-a796-48c11936c3af,59,2024-09-03,21.228.150.215
c106d15c-be6d-4453-8763-54d1e0ec430a,437,2024-02-23,39.14.151.79
2d79e4ab-de2a-48ed-835d-04681fd3e59a,336,2024-09-27,204.246.84.203
7d21d5a8-8c50-4ceb-ac33-113df81635cd,334,2024-10-27,206.48.167.75
6b2e08d1-ebe4-4266-a408-b6a91419bfd2,450,2023-09-20,139.145.167.156
f5b13f41-5f0a-4cb0-8cf4-36213be55d7a,394,2025-01-21,40.12.63.150
aad66523-4255-416e-8045-570c0ddd1ab2,283,2023-12-17,43.195.192.109
f9608bba-f191-41b2-af36-82a69a641b4f,370,2023-10-20,45.84.40.208
879cbcbf-e899-402d-bd09-412cedf26473,444,2024-11-11,1.214.243.11
dae77c3d-3f48-47ca-b662-5c5fcba6319a,111,2024-10-29,121.201.113.21
f74459aa-2115-4a16-af9b-fdfdeb028a9e,221,2024-10-16,137.70.56.213
4a26f26f-b10d-452d-8f92-aba10f775fbe,232,2023-09-03,158.137.226.194
8e49eaa8-d4c8-4cc1-92f0-7916dcaca7df,455,2025-05-25,95.57.147.233
df8fc8da-c743-4f17-94ab-ce42cfda1567,117,2024-11-19,79.145.166.93
797e70d7-1ecd-4412-b2bd-3349e76aa779,212,2023-11-11,178.20.175.203
850c8b01-0ed6-4c09-b6dc-e303cecd6c2f,174,2023-08-14,132.134.117.227
91cb2a3d-103f-449c-9cba-100bf7179be0,424,2023-11-10,165.109.36.33
3e50c34b-ee25-41a1-9820-7311f95bb32c,233,2024-10-10,177.41.153.89
5185a006-a446-4cf7-95ab-ba62e4a0e6e0,205,2024-07-14,112.209.197.154
3c5f0989-8ab6-4ceb-a341-b4ed175b9e9e,213,2024-07-18,44.29.47.183
40eaad64-a876-4c49-aed2-5ab36d565bd3,374,2023-06-19,84.250.169.44
c7449aaa-62a9-473b-9aef-b3ea88d601fd,49,2024-11-03,183.87.230.89
66702966-6934-4596-85d0-62c17944a46f,161,2023-08-12,190.194.199.181
9434dfbe-09a7-4f66-8e37-79cd447c9f2d,219,2024-05-16,207.226.55.137
5f486174-f6f0-4894-ac1f-6afff91b5454,161,2024-06-21,113.228.6.203
f2142c94-59af-4632-8952-f22296a778a5,341,2025-04-03,174.207.222.151
279c45b8-cba8-45a6-8a55-e7a5756225b2,131,2023-10-25,98.152.30.88
b9c38b3c-d42f-498f-91d7-36fb797bc16d,192,2023-09-07,147.201.48.96
4f7216fc-aaaf-4b10-bfec-e397e30aa711,489,2023-09-01,178.35.140.2
8ac52b31-7f91-44be-9544-c4b0b4d42864,79,2025-03-22,158.102.227.20
c7c3c27d-e0ea-4788-a212-46ce88432396,352,2024-12-07,124.81.192.197
d67fc50f-a1f0-4d68-b36e-70a567e55a08,473,2024-03-21,141.21.211.101
1f5dc592-dc45-4f7e-9fa8-81d7338985d2,243,2024-10-26,26.9.46.165
70866ff3-faeb-4636-a8b7-c0c1e315220b,35,2024-08-14,116.212.187.184
87b4ad86-5ebc-45bf-bc4d-a9d02eefdf94,47,2023-06-08,69.202.148.7
59c8f9cd-afda-43a8-aafa-54325002224c,426,2023-12-02,11.94.190.66
9d2ff9ad-a06a-45a5-afc2-37d61e24dfdf,44,2025-02-06,213.52.155.123
9ea9dd0c-571f-4073-a7a1-1a7dd53c530c,48,2024-11-30,61.17.17.53
a586b730-2f28-4e96-a3e3-6ca338148a51,222,2024-03-29,146.167.180.48
c29e1e2a-26bf-4780-8152-ee251e8f4d70,50,2023-09-09,181.12.103.57
1f542905-010b-42cb-9761-a889825c5b85,382,2024-06-10,124.39.13.222
a87e58bf-966e-4a60-9c43-c0eb75c80245,379,2023-07-13,13.166.60.45
ecf36871-bfb2-4568-a7b6-fb01469f51f0,191,2024-03-11,48.241.30.151
a6443a99-80cc-4a39-b831-d6bed9dcd553,416,2024-12-04,83.180.253.198
b5ad6dd7-4979-4be2-bef3-1f665c193775,67,2024-03-20,65.248.131.109
277213cd-d405-4805-8d50-cc386821cc85,285,2025-05-28,194.100.176.39
8bd2faad-bf1a-4206-858e-7b4833f6a0e8,31,2023-07-01,98.200.153.44
4504d490-ddf7-44cd-9cfa-17830e44bad8,301,2025-03-15,187.91.138.46
03050640-24c1-4369-b6f3-505f46e1c26c,490,2023-08-15,153.23.216.137
6759e6d6-2685-46b2-89b9-b6d2843535ae,288,2025-01-17,82.152.226.135
815be61c-5772-44e8-9501-a8ca799968da,288,2025-02-21,52.209.163.199
53c4a841-618e-4247-9560-57785e4c679b,169,2025-02-15,54.32.36.89
8f3d44b9-3ba1-40c6-90e5-8920366294f6,344,2025-02-04,123.83.186.68
ca4a3c3a-7501-4934-85e7-0440761de165,63,2025-03-13,142.53.198.19
36f584bf-69eb-455b-9c0f-e1c61c33e188,211,2024-08-17,40.36.125.90
98aa699c-409d-46b1-9b5a-07995f90460c,182,2023-10-09,13.108.57.185
b98082a4-3a36-457b-8ded-7a87765294b0,448,2024-12-06,34.20.246.84
ca7b61d9-2e96-452e-9c43-87cd398d1e83,341,2024-02-01,155.207.208.31
e56114c0-ef98-4b3e-9aff-7d08a7246ede,482,2024-08-18,4.133.22.157
19449eed-f86b-4f41-996a-4e89c6de6fbe,385,2024-12-08,172.54.174.113
eea27783-e4db-49c4-a047-4a172dbb074c,217,2024-07-02,215.42.183.41
b63fad29-7f16-4e73-b8e7-121d1539d073,445,2025-03-13,46.10.206.208
77268c7e-e12d-4fdd-8a0c-2866b2b02aa8,469,2025-02-01,133.50.62.237
9597ff4f-601a-4d9f-9d19-a5502009924f,370,2024-03-08,75.89.129.115
90e35419-4bb8-4330-86a1-073f86778a5d,27,2023-10-24,67.152.93.162
bc08a74b-d91d-457c-80f6-ef6e99eaaa87,496,2024-06-05,132.115.23.3
99433183-059f-45a6-9c6a-0e9f066ec32c,148,2024-09-22,49.236.29.125
516d3cb2-e605-44f6-9618-9cf5d9ae4eb0,308,2024-08-10,71.163.17.171
ac023a66-70cb-4d7c-b6ae-a52bdfe51ebb,160,2024-11-04,41.250.72.137
0110d548-5579-4f64-92cb-0525b5617250,181,2024-08-26,131.132.213.115
c0b590dd-dab6-49a3-b456-cbc0155778ec,54,2023-11-21,125.99.227.180
b53535bb-27cb-4227-b137-8df34e562dac,296,2024-03-19,191.152.112.25
eecbed72-5cd7-40a0-8f11-e4d2443edecf,260,2024-08-13,115.155.208.165
769b085c-54cd-4c67-9960-9fd8439bb766,109,2024-05-28,216.17.191.235
025e3ed1-a78e-4d8f-ae6a-05a2075184f6,80,2023-08-28,210.1.94.209
be64dd41-b9d3-4226-92e5-debeff3a8a58,337,2023-06-10,165.12.15.170
4cf3043d-7901-4936-b5a8-51eedb390ab5,247,2024-09-09,71.149.172.219
b2826a4d-21fd-41ff-91ea-88c3c0191caa,115,2024-03-30,139.28.250.196
0e014323-da38-4ec7-83c1-f8fe95547656,434,2024-01-13,213.184.98.45
6040f3fb-4d4e-4950-bc1c-f9ebcfc56f53,56,2024-06-07,181.59.168.41
df39101c-6165-41f2-a303-6b5a85b73d9b,180,2025-02-10,151.117.229.15
5791bcc5-1b7f-495e-b965-8edf5b5c314c,433,2023-10-15,198.133.99.199
e52d3e88-9a97-44c6-874c-819cf66ac097,285,2025-02-20,94.204.171.216
f084feb1-b495-44e4-87af-d29fa44d9d99,189,2025-03-30,51.29.56.58
f2198b7c-b016-427d-b4b7-c2f48506fc56,59,2023-06-15,123.10.11.161
104792b1-36a1-4430-8250-b5e85a1e603c,391,2024-11-24,178.191.245.224
edc0f8c5-5f23-4f4e-a39f-0d0e07562180,143,2023-08-31,14.116.52.111
3998b8f5-a4a6-4abc-af9e-08499856da67,294,2024-05-12,96.78.26.155
51a0a2a7-9b6d-421f-92aa-1e8e7711d405,116,2024-10-04,56.30.16.181
69c1f449-99ba-4ee3-81a0-fc46fbf6b7c0,414,2024-01-16,14.166.95.60
363e6c91-6fa2-4137-8f5d-8cc98fe31857,220,2023-07-03,207.31.101.89
64d2e867-69ca-4ad0-8032-ed86f12f76ff,433,2024-03-15,20.14.220.53
24676879-df5e-4a58-937e-5a6f7c1205b1,288,2024-10-14,72.76.187.32
9f465cc2-385a-46b6-ba63-26dc5c74d475,499,2025-04-26,222.183.130.146
9fc379f9-b3b8-4407-abbd-68346b0f43da,393,2024-02-19,74.131.78.208
baf70e9f-eea5-4061-917d-75986401e1f1,420,2024-10-27,205.222.191.70
cf9cf6ac-cc4c-4f96-8451-cc2f20c5a01a,319,2023-09-26,216.225.7.164
71d2da89-8f97-428c-b01d-d7d1b6e49a9c,315,2024-09-04,182.72.52.67
7015be7f-c7e0-4c42-b099-5592af5ca4de,346,2024-09-25,82.192.24.238
59360dd0-c5f8-4b8d-81fd-4c8ba482a4ce,330,2024-01-21,195.253.172.101
794eb188-8516-44a1-8101-b83edc5b473a,286,2025-04-28,5.169.48.91
30d21ffa-949f-4229-bf8e-ac2a8f3374fa,14,2024-10-30,210.111.97.98
2091ce49-8a6b-47f6-9e66-7a15777a8b91,312,2024-10-14,96.58.72.71
b267bb22-1e23-4ea1-a2a5-affb477dfbcc,476,2023-07-07,73.175.239.156
8a84add4-068a-4d49-b412-11333851d078,337,2024-09-12,190.196.16.199
56287d8a-3754-4ff6-b720-275c36b7d436,425,2024-10-27,107.39.30.73
0cb53739-9d2b-45e9-ae5c-76281dab20de,356,2024-04-30,28.169.47.126
35fd91a7-6216-4e37-b848-6c9779ae2036,137,2024-11-14,197.67.122.77
022210c3-a2be-4334-bc00-96c7c571b506,15,2025-02-25,96.34.172.136
24c5c24a-40b9-4c53-a3ba-e605b9395591,93,2023-12-30,217.26.7.231
fdf2cd68-4eaf-4ce2-a9a3-884bcca32f07,140,2025-01-14,119.248.232.173
38b31c0f-ff3f-4066-b8a3-0f51687609a7,360,2024-01-11,223.95.204.179
5ce4639e-6e2a-4179-9102-946498053658,391,2025-04-08,112.209.201.159
53802ffb-7d85-4950-b8f9-1345c8e17eb2,159,2024-12-22,195.125.236.106
e88da585-446f-4dd4-b151-cad46ae841ae,472,2024-05-14,86.126.169.22
989a3e26-a07d-4fda-b49e-4264ad6fca3e,174,2023-10-12,164.0.153.152
dca75c06-ce93-47a6-ac00-f8c81f288632,180,2025-03-13,174.237.249.234
7295ffbd-785a-4b09-81d1-10228295fd68,4,2024-07-18,63.147.217.237
9622920a-6cf0-409c-92b2-00cdd0f71964,93,2024-10-05,116.43.26.19
234a91bf-55eb-4c65-9b53-b067ed265c20,446,2024-06-22,211.109.227.127
9aab4894-17d5-436e-8730-f4eebf3cdc49,74,2024-03-25,161.18.252.253
6e82ef89-bc32-4bec-a9d8-7d7eb99cde48,290,2024-12-15,101.80.138.92
671b1e61-3014-4fe8-af39-e9955e09befa,337,2024-08-14,14.135.36.235
1b8b8b6f-39a7-484c-9d24-8a53ff9a4132,206,2024-11-11,114.83.145.93
b1ab27fd-c7f3-4860-96b6-d7828cf71b46,36,2024-11-26,134.219.73.153
17fb6a40-5cc7-46ef-b608-143e9d8c3b4a,73,2023-10-13,118.174.80.19
76f87458-c2a7-4009-a2f4-4a5572d635e3,380,2024-12-29,209.165.109.107
3b841f13-82e1-4e98-9830-74f10b03780f,325,2024-05-06,194.54.114.41
272d890c-d39c-40fb-ac27-3fb04d5a3b26,498,2025-01-09,140.192.198.14
1a84444c-23b9-4ee7-ae56-78d42395f64d,16,2025-04-12,102.25.248.158
1fd59d88-0941-4d44-b6ac-b373e0cb247e,47,2024-10-06,158.145.170.126
35e23223-2a14-4546-8ba4-3aeca814d2e8,383,2024-10-26,203.31.151.27
113a26b2-39d1-45a7-81ac-b02900c77691,272,2025-03-14,166.21.27.57
23b35b1f-1dc1-43ec-ad46-3818050c73a3,111,2023-07-28,136.178.86.51
d95e7b0b-65fb-49a7-abc9-a45f7a4c222e,193,2023-07-27,102.74.223.50
207a2731-24a8-4ab1-8821-9f52e7a62801,215,2024-08-31,101.186.214.230
7052b820-b999-4ad2-98c1-4b0ea01df7bd,233,2023-06-24,106.191.58.12
8e1e2db9-376c-4561-ae0a-89d7a02c594c,175,2024-02-12,120.163.104.243
7c8517b8-2488-4fa3-ae8f-ea6206d60fa7,81,2025-04-27,89.214.145.29
a841441a-2114-4a76-8d30-5dd4d820f489,190,2024-12-31,115.123.76.24
84731b8b-69a5-42c8-8fdd-573f102f7429,160,2024-01-06,21.8.251.222
41c65131-95f9-4791-85b3-920f9568c003,370,2025-03-22,14.18.107.55
02fae64c-795b-41ac-a4f3-8ac5d49078ae,167,2024-06-04,50.83.1.121
853d0e28-67d4-4472-8dcc-e3a889afa17f,398,2025-03-29,120.126.212.18
06732d09-f8da-4d0a-b5ea-9124138209c9,483,2023-10-16,181.255.148.203
d1c94c0c-5158-4451-bceb-95c863e139fe,291,2024-01-11,213.12.162.59
040f20f5-0b90-4490-869b-fb40f0df1ba9,306,2024-05-17,214.83.253.128
702b8a59-ed93-4d3d-9165-a7c000630c4c,44,2024-08-28,174.18.142.120
6080f200-59fe-4cd3-8e2e-f59f9ad33a30,453,2023-09-30,69.64.208.91
b53f4455-d033-4a8e-873b-029cea1861c1,27,2023-07-23,211.86.44.53
1fd70d92-5f80-48d9-84bd-1530cfe0eb69,80,2024-03-16,143.85.253.1
8337403b-ce68-4a71-a290-7975c5874ef5,81,2024-07-11,171.18.56.99
577c85d2-9006-431f-bf65-6038f335d185,387,2024-12-19,126.212.118.156
017abda0-2e54-4f60-9620-36ddb772c793,317,2023-12-21,153.154.80.114
c86f7453-2930-4b64-ba74-7c1f5354f49b,26,2025-05-11,98.238.143.204
b4a72a05-abf3-430d-844f-2371c13c9939,346,2024-07-30,136.125.107.159
dcb763e1-8d86-41b6-bfb6-f05942a41054,42,2024-10-07,158.130.11.112
5df581e5-7378-4306-8452-b4dc9fbd346a,140,2023-12-03,8.133.29.191
1160ab3c-8b48-4e63-a51d-963244678fdc,227,2023-11-02,204.101.80.51
6247a475-e453-41cf-b64c-84d84978e722,339,2024-02-20,27.83.19.172
2b07a168-004b-40a7-8d29-092f22a129c2,218,2023-08-23,9.72.145.211
06430995-a363-49bf-9135-5963f21d6b05,249,2024-06-16,187.242.74.223
805a41df-6974-40a8-a89c-491926c87782,311,2025-03-14,194.167.91.181
74daceed-88e1-4899-a98c-6aa1b37d411e,227,2025-05-20,142.179.2.137
25d288e8-cc61-43da-a031-c2eba029cd62,213,2024-11-24,30.33.75.211
172c0900-e7e7-4812-b52d-aedc3adf5746,140,2025-01-30,37.103.236.3
987e76fc-3063-4a0e-af8b-23fb6394e2bd,111,2024-08-11,146.63.13.108
8b464021-df10-4322-9160-3a6649888ade,387,2024-04-03,143.153.178.113
6ec1c3b1-d101-4e26-b70c-67fe4296f266,263,2025-01-17,75.186.232.219
a2fc8d51-c377-4f20-9fc6-327a0c31cb7b,59,2024-03-30,169.150.166.138
29dc66e4-5f4b-4f18-bdb6-4e0323c276ba,177,2025-01-09,99.125.222.204
402aa713-4c4a-46df-9d74-1efe62df5de4,221,2025-03-28,69.144.139.13
bcf6895d-b08b-4c74-bd0e-1aab6d053c1e,57,2024-09-13,167.235.92.218
544e5981-e25f-4ed1-9ad5-eb48614b26ab,146,2023-06-24,66.120.216.143
b4d8f684-6b01-4500-a706-9aec586695c9,348,2023-10-09,77.120.199.236
47cd1be7-0443-44ab-a8eb-eafe5e7c648d,348,2025-01-24,145.23.150.6
ecd20219-fb26-4254-8de3-f05ea1cd9e0b,304,2024-05-03,182.28.33.201
57b35a8d-c929-437b-afab-edf0825013b7,250,2024-10-15,96.75.94.254
f2a7f768-cfa1-4442-a4df-65fca7c2763d,270,2024-06-15,148.240.81.112
ecd5438a-ce6e-4358-8b16-a96e1a64e404,342,2025-02-14,44.90.182.154
1d689009-3622-44e6-90e8-b83729dded66,158,2025-04-19,185.91.92.124
2571380e-8a1a-405b-8b86-d8a6cb984935,24,2024-02-29,78.135.200.57
d5565907-88a8-4248-bf80-33a11b42d10c,113,2025-05-13,130.198.238.81
642f5b24-94b6-4752-841f-530642008db9,203,2024-07-26,69.114.142.123
20d0479c-cc85-4bf7-9c1a-24cd0cbdeb94,307,2024-02-24,48.185.72.186
92b787f4-d03a-4388-a41f-bc23f4dbe22b,29,2024-07-22,113.12.209.229
7189faef-17a5-4962-9c1a-c5b06015dcee,4,2024-07-18,36.51.144.67
8f894a98-1d49-4879-9986-6dba3fd27908,105,2025-02-03,190.86.235.215
5284edcf-0b3e-448a-8ff5-eebcd163a555,155,2024-12-03,132.37.96.197
46e27172-7bb9-4af4-af73-6188123ced0e,485,2024-09-15,157.34.200.212
c596e67a-4a61-4473-bc4a-6c3c670f7c15,109,2023-09-10,220.195.143.183
e4560b04-abcb-47e4-8c93-b7d46319d42c,393,2023-08-20,100.44.247.23
709631c3-1fa2-4dae-a929-ec1697b31d08,71,2024-03-02,143.228.139.136
63bb6fb3-5154-47bf-a27c-bcb934a471f6,392,2024-07-02,80.110.116.103
0148f8b6-050a-40eb-a337-b64d73dbd418,131,2023-06-28,217.131.118.83
9342c2a0-f729-46c4-b733-033454863302,149,2024-01-19,135.83.171.148
81617ed2-a098-493a-befe-fbdc2df1261f,168,2024-02-14,10.94.250.244
23160540-8879-4ce9-866d-8656ffeeeac0,62,2024-05-02,24.153.28.237
d1498348-15d0-427a-85b6-2623fb8da0b5,4,2023-09-12,173.146.37.99
f9e707a4-749f-45ed-96cc-b9c05cf5b65f,255,2024-01-06,170.237.103.186
9385a434-f3be-41e6-9381-05580a2a4f8e,383,2024-04-25,36.31.123.255
04dc11dc-cef8-4fd3-bebe-6110fbc3b4d5,221,2024-02-08,33.226.253.232
a476a12d-416a-45d2-89f4-ef0b9ae865fb,90,2024-07-22,95.65.195.20
fc6e3dcb-519d-481e-b171-a22c43605055,67,2024-10-24,171.94.42.92
00e43ddf-c69d-471e-b6ae-ca7e80fa3afe,195,2024-11-12,154.4.50.53
21f7b660-df50-4dd8-b3a9-0ac0b6c6df5d,273,2024-09-05,58.175.210.93
0950e640-fadc-407d-844e-fefaaf972382,361,2023-12-06,38.45.127.99
02844159-2531-439d-8387-adaa13644135,118,2024-12-24,213.185.232.38
a59a943f-70c7-4586-a84b-7d00367989d6,257,2024-03-16,187.180.201.240
6568e521-edcd-4aaf-b0dc-9ff8cb0042e3,287,2023-08-17,60.232.15.171
13646b14-515c-4f2a-b8df-d88ac082684f,427,2024-07-10,76.109.228.161
657d2046-7568-4fa2-998b-9bd78c305603,343,2024-10-04,26.177.227.242
51d7f854-6cf9-4932-b7c8-10a1bf9d040e,413,2024-08-29,3.213.53.1
9e0cc42a-575f-4f29-ba4e-e2d96f144036,182,2023-11-14,171.36.114.109
9f50b6dd-7f87-436c-88fa-a803f52e0eb8,37,2025-03-21,81.46.173.11
ff803eeb-9926-4b5a-af3d-9697400aa140,204,2024-07-11,164.90.11.73
1b8671fc-d8e5-49c0-8513-a62c1c1b294e,442,2025-04-07,5.20.254.186
31308c75-5fc7-4f3e-97e5-d3dc0eb6abee,380,2024-11-20,149.38.190.66
71f34b18-a95a-4556-bc55-7394e3c8e19e,22,2024-02-24,201.121.15.150
3ce8afbf-d050-4f52-bba9-bebccc5cc68b,224,2024-04-30,118.217.201.177
0753bb7d-f26d-4b1d-b8c2-ca8077f26d5c,10,2025-04-03,58.103.83.70
9e03b74c-3a09-4203-b0f2-4365440a0932,236,2025-05-07,155.44.249.27
1a65ce06-ceba-48ff-b05a-957dce9cd0f0,472,2024-05-07,201.149.242.22
57159a20-f467-4977-9716-4683b1139584,40,2024-11-18,1.106.65.13
c072a022-653c-472c-904d-c6c28c56a8b2,442,2024-11-24,152.26.85.41
e5055a93-f814-452c-823d-f1fd358c3129,161,2023-12-06,192.149.207.174
f8ea8784-94f7-4d04-a1e1-4bb636e4d933,295,2024-03-03,153.140.217.61
a8c01c26-e2ea-4d30-a588-013a807a6e30,220,2024-06-29,114.153.49.228
7e5fe061-7496-455a-9803-640a2e2afeeb,294,2024-10-23,191.201.154.207
98b81b2c-de9d-4a5a-aa10-ee931167948b,208,2023-06-18,14.250.239.97
4e375784-c068-4b04-90eb-c985355280f4,364,2024-06-23,133.96.108.140
8cda5c97-2393-4b22-8f1f-41d5e8cd8f48,328,2024-02-14,144.207.239.77
15be347e-18bb-49a1-b721-80d06c268137,214,2025-03-24,40.90.238.229
74253c13-4a5d-4296-b765-a4f79bcd0e06,149,2024-03-02,47.1.40.97
68b72fb3-5237-4287-bc6b-68a7c551ca83,59,2025-04-24,81.139.196.248
c776ea68-0d40-4724-832f-10aeb183b8ab,208,2025-02-13,211.90.158.193
b0d16627-7b0e-446e-b79d-c43b9271cbe3,11,2025-02-02,10.237.29.159
6f306141-7764-4929-8f69-e4e72900930d,495,2024-02-19,56.135.65.52
1a67f6d6-53c0-4770-b677-18bc68f0c936,167,2023-12-13,63.19.36.92
6c18dc90-9626-463e-80da-fd659c11546e,88,2023-11-28,133.51.182.18
d5239775-1b0c-48f0-8660-8cb55e1ed256,411,2023-11-19,132.29.30.29
642855bd-5c3c-448b-9c66-9c4956de8954,486,2024-09-13,139.74.212.35
97f6dda5-d0fd-4614-9484-ac017f3db219,317,2023-07-31,203.120.54.108
dd412c20-3de5-439c-9aad-8967e8d8b801,236,2025-05-22,76.129.134.73
2dc45143-dfd8-4b18-aefa-f962829fd662,426,2024-07-17,7.40.80.237
0475be6a-e901-47b2-85e1-809ed9e13c48,354,2024-03-24,53.88.104.68
d460a765-8861-4f46-bf47-f1515c3e17ef,471,2025-05-27,61.180.14.43
648dd49b-cf1b-401f-b5f8-148b89af7fbf,186,2024-07-19,87.189.216.127
5e5ecf85-ff3c-4fab-9541-2d0e30ed67ce,46,2024-08-21,180.232.212.81
89947302-22e0-4483-83ec-837b58669351,224,2023-09-29,188.223.244.252
4ecbdf8e-2e98-47f7-874c-4d215e2cd731,433,2023-10-26,143.4.98.246
a23ee36e-f5c7-4135-9e04-0e73e0771858,55,2024-04-24,203.78.168.177
31142b9d-c3ea-4a82-96a6-0f9b65bb4345,125,2024-06-21,139.107.100.247
468f6e05-9db1-4155-8bd3-d547bde4e653,224,2024-09-03,27.25.60.55
da5bff87-b61f-46a3-aed9-90426ad83689,302,2025-05-24,45.149.182.206
76438231-c26b-46c1-a599-74e06cec037c,206,2025-02-02,73.112.36.139
bb1674f3-7c8e-4ac8-a826-fcd7987285be,269,2024-10-12,19.146.159.167
0091a09b-7573-4e90-bca8-8091db917c8d,41,2025-04-29,43.185.179.73
d95dd6f0-38ca-4c3b-bccc-f9140774126f,203,2025-01-26,79.204.253.29
476f96d9-c93a-4aaf-8080-b8cf2a631448,446,2024-05-08,217.234.94.53
c3b638e6-c53b-4177-bf0b-de0a760ca0f3,159,2023-11-17,109.147.36.20
67440db3-8a17-44e3-920e-583247e95388,382,2024-01-23,184.4.90.253
12541072-8786-4d54-9e2a-e4ba559fb340,174,2023-12-04,186.229.202.63
ba6347a3-ad83-43bd-a28e-31386379ad86,114,2024-05-08,202.133.226.98
1c778395-51c0-4eb2-8105-f3cd59853440,171,2023-07-15,88.101.150.113
49684e44-bcc4-41f5-9942-65db76df65f0,399,2023-11-10,223.126.177.236
d48f6297-747f-4f76-808b-b31a046dc935,87,2025-05-23,19.221.82.10
717ff4e8-7697-4e35-b9fd-c665bd89edda,40,2025-04-23,130.67.198.91
a573d7db-34b3-49e8-ae86-a40a21965ae8,262,2023-09-24,52.152.66.95
5ef3c5dc-a41d-4184-a423-ca7fae103e45,325,2024-01-28,97.116.18.181
76b17463-2bad-48ed-b827-c31caa638352,59,2024-12-15,117.108.128.190
ff107737-3f4c-4e32-8cad-d134bc6e66bb,272,2024-12-15,122.196.86.131
e75aa549-f1f6-46ad-a96e-6425132b7966,262,2025-05-24,37.15.166.173
b9fcbc6a-540e-4270-8c28-648af8833202,100,2023-09-27,158.228.137.179
42ea4754-acd0-4e76-941c-027d0b496c8c,464,2024-04-20,222.224.146.232
74123b01-d2c4-45ae-84e8-2019442269e5,398,2025-02-28,67.28.196.147
c5dc5cd5-2968-45e7-947f-3bc7a87afc78,179,2023-08-18,96.145.117.41
3e8de51b-21b1-40a7-abd8-3d7bcf78e584,180,2024-12-04,135.180.1.98
9623bfc3-02f1-49ed-8373-1fed124e7c2d,373,2024-06-17,66.125.25.192
7eab2b68-527f-4fe4-8458-507433137464,491,2024-06-01,179.110.216.117
da447626-2fde-408c-b181-78e0d3a78fa2,420,2024-03-06,154.247.6.249
4d100026-602c-485b-8ba6-426daf067575,331,2024-08-29,73.234.103.169
d743a466-6890-4819-beff-30c365e347a5,418,2024-08-06,18.174.169.184
36ae6d18-18f0-4e31-9c4b-af0a1a0987fe,76,2024-11-25,65.244.48.105
dd3b4812-6fe1-4cbb-956c-b67477f20647,121,2023-06-09,82.47.68.44
16a938bf-6256-49b2-a2a7-a413e41b227f,53,2024-01-18,8.115.189.51
78b745c2-dbc1-43f2-bd2b-ecf291fcf24c,75,2023-11-14,215.203.17.9
c0039690-374b-48a7-a0fd-6a1293751c4f,132,2024-12-30,220.69.164.150
ca338c28-876b-4337-b97b-fd3e57bb1b7f,102,2024-05-12,134.21.2.130
e77f85b5-e518-47a4-b134-38670fbdcbad,89,2025-03-25,54.159.234.146
3a75f11f-1adc-477d-b4c3-789aeebc8b84,309,2024-09-19,213.123.32.44
18b054e7-2efd-4a82-ad80-d369d7f1107f,79,2024-11-23,52.58.243.151
b6414359-ef7e-49b8-8e8b-7e371771d947,390,2025-02-17,206.149.248.234
78e922cf-6fbd-4975-b968-a11b6862ce4a,389,2025-03-31,73.242.188.36
be759b80-27c8-47ac-8d6a-2126bd69101d,336,2025-02-16,50.168.19.237
b23cf40f-2fb7-4750-abad-13b509c65ed6,39,2024-04-13,132.179.203.134
1dba1721-75a0-47cf-8dd1-b6fe41212e14,91,2024-01-10,149.215.155.6
a39cfbc5-93a7-4658-9127-ae49a529821b,488,2024-11-05,70.9.250.9
df2e0a18-6525-4245-82a5-cf58d8b5070a,396,2025-02-07,108.207.43.229
8534b278-0688-4adf-804b-a0f7781f0e68,322,2025-03-05,186.104.69.192
11689eeb-2d59-4529-901a-d0728e8b9bbd,253,2025-05-21,181.106.236.114
436544ba-4cda-4ad2-82e8-cf3fb3571ed5,238,2023-08-11,16.118.83.16
ee5a9832-3936-45fd-b459-8b8ee6ab6adb,387,2023-09-15,107.126.101.142
c43e8def-db76-4fe0-98a6-ed35bc27a0af,289,2024-02-29,47.102.123.155
ef065c7f-7031-4434-b260-91f2047ac48a,390,2025-03-23,195.147.108.250
c636b3f4-df1a-4784-84cc-63179c99cfaa,297,2024-08-25,101.201.238.200
7a7e84ea-9f84-4c1f-826c-e56396ae92eb,230,2024-12-19,160.204.101.235
ec7b65b7-7f7f-4dda-b18b-cf847b89d018,349,2023-12-25,77.81.240.245
fdaba4f6-bcae-49ea-84ef-b40cb5e41eaf,474,2024-10-08,171.214.150.189
0f69afdd-708d-4056-ad49-d25912b4864f,452,2025-02-02,128.105.159.167
270da556-23a1-408b-967f-b518373b54ef,290,2023-11-24,128.130.12.247
ab4210b9-dec2-4ad2-9968-b824a3a7b0a4,330,2024-06-26,36.91.72.232
bb5cc0fd-3eb9-417b-9613-cacae83a3580,326,2024-05-31,13.150.83.163
ae0b1a4e-fc44-44f7-ac79-28f8a2e6dd5a,320,2023-07-22,75.48.252.126
0b6166f9-72e1-4af1-b531-dc2d65439669,166,2023-06-12,134.190.193.18
4c1d8100-0a13-4a0f-b9ce-e62916642975,443,2023-07-29,43.73.97.38
49225a3d-43db-4e3d-9d22-7c5fd00e82fb,498,2023-11-08,180.150.5.131
c37bc1e7-4793-4b25-aac7-8b55734bbfe6,322,2024-03-21,60.30.48.147
7bca4c90-d2e2-4490-8992-3d170506a8cc,162,2024-11-25,174.114.49.121
1d6538b0-8973-4599-a6f2-3cbd68e5521b,78,2023-09-16,211.59.230.133
57d077f7-7ff2-4cb8-b7fa-343b59fbda17,226,2024-12-11,177.170.247.249
ed4d33df-8321-47e1-9b6d-2794a6f3e4cd,35,2023-09-07,87.16.153.164
582b718b-f749-41c9-bbe7-a5aa5ce273f6,241,2024-12-11,190.187.93.148
4f0fbe62-a53d-447d-a421-e3f538461673,227,2023-12-19,149.86.152.51
95489c6c-b0f3-49e0-9d5e-44a98bca8aa5,324,2024-07-10,72.170.201.168
1801f4ee-1796-4ed8-b011-46a900612af7,156,2024-10-28,136.212.188.93
d3de717d-1ef6-4c45-a0d9-17e1980b9f01,408,2023-12-06,4.236.129.205
7cccb31f-88d3-41d4-bf6d-e0515fa66ac1,141,2024-02-14,174.79.94.62
aad33f36-2fec-4219-a0fb-5a8f555de5ca,303,2024-05-22,88.41.131.62
a17b9d8b-bad4-4bc4-85ff-0425b055e7cd,29,2024-03-16,165.40.190.183
e4a903c5-dc34-4ac7-9517-0dae00dd6c9a,181,2024-05-23,6.250.158.207
b256c0ab-d994-425f-ab8a-371a52a6a438,260,2023-07-23,104.26.185.73
f8de29c7-7a8f-49af-9e5a-f7a4b9852041,38,2024-07-21,60.241.189.201
c33ce7c7-d149-4a8c-9cc5-fbe1c07546b3,159,2024-05-14,93.172.135.221
45b590a8-448c-4a58-be83-3f28634d4da8,237,2024-05-14,1.111.166.232
4726f9a0-e81d-47ea-8728-68f3ebe99c3b,232,2024-03-06,186.126.248.65
7144fb0a-b618-4474-88c1-206ebdbd87fc,20,2024-05-03,57.190.88.82
8f6dc4eb-d65c-4e51-bf46-d263bee857cb,30,2024-10-29,169.41.241.40
b6f20c47-8d42-46ed-987b-36b2b72f6a32,189,2023-09-12,203.170.101.250
971aa30b-a432-4e1a-97f9-ea48a40cb0f5,426,2025-01-13,181.88.247.176
7c484c4b-49bb-4d72-bfde-a5e8da5f0c9a,147,2023-09-20,213.154.56.126
6d6c5814-badd-4c82-8b0b-b8fb0a064fec,40,2023-07-29,88.164.150.181
3f6f25bf-899e-4893-a333-d1d3346cef19,331,2023-11-12,45.33.234.236
d7b1b1b4-ba31-4c79-aa68-fce64e3f45e5,443,2025-04-20,35.126.190.255
fc6be404-a320-4dc2-b771-96de7df2989a,438,2024-08-30,101.11.172.161
9f3e03c4-5560-41e6-9fdf-82ff28e5fc32,47,2023-06-04,55.111.64.150
8a15f9e3-01d4-48f4-9916-7131027c4d24,315,2024-06-13,34.241.64.195
228f4d60-7d62-481b-9318-df7b348a798e,305,2024-03-23,145.160.75.174
699cc604-edb9-438c-848d-10f902a7fe2e,260,2024-01-06,10.126.34.96
678af546-8937-4eac-addc-7076db45c770,197,2023-10-02,5.109.94.136
044b3833-844e-4f6a-bd13-f9584925e2fd,237,2024-09-09,216.221.20.55
ea2e6671-c25f-49ad-b55d-94cc200e4b1c,298,2024-02-17,70.3.115.189
683ad423-493b-4007-b420-13f07da7ae8a,284,2024-10-04,6.170.46.34
10734ad9-10b6-4794-a57f-e60774158085,489,2023-11-05,7.129.234.89
561330c1-80ed-4f21-b5a0-52665c8c73f0,406,2023-12-14,209.243.152.2
569b7d0a-e416-4969-a83a-b223b9bcf0c8,379,2024-04-23,89.78.115.45
c1f27c10-1f0f-4871-8d63-ed4cdb59dae7,459,2024-11-17,94.186.209.156
108371e6-7e0f-4684-bb5f-dff47d217de5,22,2023-08-29,205.124.198.243
db3c1039-11d1-442b-ad27-074f142a638b,231,2025-03-25,154.64.221.184
373e121e-b84e-4106-802c-9c91453dbcf5,466,2023-12-11,4.158.68.77
2089f83b-34e8-497e-a1b6-0e7e47ac6335,415,2023-09-17,47.86.6.28
8b4b681a-c7c4-4b2b-8aac-7091d1a54979,293,2024-08-05,80.236.157.87
66d59ea8-3b4f-47d5-b389-7f3db1060571,334,2024-02-02,162.6.140.229
673f79a5-4629-4d50-94f8-c75b4cedcf76,97,2023-08-02,113.83.136.35
4df983af-e489-4d41-a16b-acc3e793afd2,165,2023-12-28,8.135.192.158
f2566044-c27b-462e-b807-b04059151110,310,2025-02-19,44.37.228.129
d9bdb31d-74ae-4995-804a-02924f06a705,244,2024-06-27,145.117.243.207
57b95c69-0fe9-4f36-993c-8868c954144a,257,2025-01-20,190.241.98.219
6600d2a9-6ebb-4d18-915d-e29e4f09f0a0,78,2024-05-11,64.55.229.216
309128b5-a93c-44a8-8767-9fff4efc551a,491,2023-08-09,175.159.115.182
b8b9f4b1-16ea-4efc-8baf-5e841d4bb774,32,2024-04-01,99.128.127.75
0fba823e-f089-435a-9078-694c306299b6,231,2025-03-01,67.8.235.110
0d4cffe5-e54b-4b1f-87dd-5201cfdaf37f,53,2024-08-13,98.208.174.8
128cfe20-7131-40bb-9c7c-26272df616d9,416,2024-10-15,102.22.161.155
22250d24-c0a2-4e2e-9017-21271ad254b9,461,2023-07-09,10.179.251.155
2deb25ee-aa1b-4e3b-8e1d-812f28e49e07,429,2024-03-25,88.144.83.105
8d16d3c9-c441-4012-b784-fde4bcde96f5,176,2023-11-24,82.198.68.34
ec1f276a-5d37-427c-ad6d-6e8c1dc65a16,366,2025-02-23,197.8.148.22
1c18f28b-3292-40f6-90a6-969ed8bc1fa2,44,2025-01-15,215.204.159.195
7b5aa636-5fd1-4e76-93f5-35fbe0c89c7e,259,2025-02-06,145.77.154.124
1f6791d3-ba45-43ca-805b-641025155ad0,331,2025-03-03,216.98.173.88
56c46e16-2ed3-4516-8820-b6b647d79e43,89,2023-09-30,109.69.184.64
0c318ed9-4c53-46de-8d3b-3562590e39f2,21,2024-03-28,142.154.250.218
de07784f-38df-42fa-8550-673be70372ff,127,2023-12-08,181.45.69.132
77afa6b1-426f-4bf0-a50a-dcef78f93ea6,363,2024-07-01,100.175.49.100
a0be3bfb-b678-4d73-a367-37792228726b,225,2025-05-26,198.131.231.90
1c19836d-ab81-443b-a653-26e625df0826,225,2023-09-12,14.191.230.60
6a5d2e58-f2fc-4f93-8d1d-7f68c49f408c,269,2023-11-18,49.114.53.189
12e0ed3d-3ee5-41e7-a64c-a04fae8460cb,268,2023-11-07,44.116.104.116
6a01b60d-8e59-40dd-ba1c-314c0ed1fbc3,313,2023-10-23,94.54.37.209
24d1e737-1465-4467-ac4c-d4162a9cf5ba,82,2023-07-06,3.238.92.167
d8235488-75e1-4b84-ad9e-3bca6e71cfc5,187,2023-10-06,159.124.100.58
dacb2635-cb69-468e-95d6-cbe2d0f78a55,191,2024-04-29,13.252.130.135
161cce2d-6fdd-4afd-9fa5-4c9fa5070af6,470,2024-09-16,200.151.121.254
891cb269-8c07-449c-8639-19d6ec63de8f,145,2025-03-06,168.129.56.255
8ae76b1e-0d15-4716-89ea-ac51d4a4b42c,199,2023-06-02,74.32.84.44
6bf6d765-204f-4b6f-abd2-b4e1b8d358d3,210,2024-02-22,116.90.2.35
8ccf9ada-0a61-48ad-9005-9a8810db6fed,397,2023-06-09,131.173.217.220
6ef79f6f-83ae-4c38-9879-498a50f53e72,174,2023-12-19,23.7.28.53
68b99f34-68fc-4f31-b1ea-38bff6e9f7d6,348,2023-12-31,212.193.46.144
c08d1b36-ad35-4ed2-8245-f93768261050,307,2023-12-04,44.0.18.83
6c383c83-3aa4-45cb-8ee3-f051b541887a,27,2025-04-24,27.19.30.90
a731b8af-be9d-4a00-99fe-b2c7bdc3c14f,405,2024-04-04,6.146.215.113
dc773e11-b82a-4099-b481-122023acffb1,324,2024-11-23,70.26.229.159
718d58cf-01c3-491a-9591-d14acb18925f,332,2024-07-03,128.39.84.79
962afb4c-7300-452f-b757-d0c574a5e56f,172,2024-04-17,58.148.207.29
490d9f98-0cce-4794-aed1-1c629f9b618f,34,2024-07-03,219.229.76.237
cea9f170-84e5-45b9-9857-31f929ff6a58,169,2023-07-09,65.185.16.115
5ce25fad-7722-4fdc-9070-2f9fdbc66209,49,2025-05-14,60.72.127.154
017352ef-c572-4e2f-b266-0c12e00648fe,286,2023-08-06,223.236.34.3
4f70a5c8-56f0-4b77-bbce-da7fa914dc96,348,2023-07-24,125.156.78.86
837ed8b4-97a2-4a06-9619-4dea3e3cb7a1,198,2024-11-21,34.58.179.183
f1ec9e8f-d9e8-4477-ae05-d77a9b6b9775,146,2025-01-13,35.180.23.5
d05ce108-ca02-4bad-80c9-2832500a69b8,130,2025-05-19,165.64.205.108
9f8e5e7f-f75e-4372-9028-f18fabf30a18,371,2024-01-30,113.208.24.207
6da9de81-11f3-4177-96bc-aeb545727bce,437,2023-10-14,114.15.10.158
f0b3ff4f-a73c-4e4d-91ce-e1baa1bc07d4,337,2023-06-22,158.192.137.25
6e9d1a5e-d39a-4293-83b3-459867a97306,494,2023-07-30,1.90.161.163
405d5a4d-00de-4eb3-9e8d-49b50961ae1d,465,2023-12-11,107.7.181.208
5e3dae88-01f0-4a0c-9e4a-6d676c4f0567,309,2023-07-03,79.86.121.60
892aaa23-d0a5-4d4c-9d95-1821d7df6f9e,448,2024-01-05,223.241.11.55
05fa3195-25ed-413e-8b98-7efe31206823,77,2023-08-01,41.123.203.118
41cdd9f0-9221-484d-a145-8cdd47893ed9,171,2024-02-20,60.195.195.239
1ad3766f-21f2-47f5-9a44-6dca5dbcdf46,42,2024-10-07,156.25.55.73
e6e9f65d-34f1-493a-b836-13821dd1ca64,299,2025-04-14,141.27.163.243
99101b48-f3fc-405d-817b-0396456ba892,340,2023-11-07,106.6.119.173
8897d73e-dbed-489d-b93a-49b1734cb800,73,2023-12-05,44.31.44.184
5753ac88-bc63-4c77-8f35-0306c31a496b,470,2024-03-30,46.41.182.209
e81bcddd-70cb-4759-880e-831b107936a3,180,2024-04-08,52.179.163.53
c48c5abb-8f5a-4103-ae7c-ba140b66d2d6,159,2025-02-10,62.59.16.179
beb7225f-2a88-4a16-8a60-66587af00fe7,496,2024-12-31,62.249.62.228
d89720dc-2406-4b12-9db8-456cc5cac6a6,336,2025-01-29,195.49.40.54
02d45d7e-d994-4430-9788-48ae95790856,358,2023-12-28,175.226.13.164
f88f7384-38d0-4c7a-8d45-4a93be81e079,340,2024-09-16,196.244.106.126
62ce6fe8-acbd-4363-ad85-20615b509360,201,2024-10-25,218.101.182.231
049b5899-fbac-42e0-8ed4-e614f8f88010,67,2024-04-18,90.57.213.52
b72bb795-97e3-45e4-9270-e4fcb15912f5,305,2023-11-10,181.45.160.109
5a1d98c4-b0e7-4978-8ec7-19d4ce80ed14,363,2024-02-20,94.151.61.173
c4335630-4432-42b3-89d3-adbddc8e7536,481,2024-08-11,75.109.20.90
76e00c25-3b98-4d96-bb84-cb276f241b0d,44,2023-09-08,4.117.176.242
8587762e-bd41-457c-a88d-810b3aec050e,159,2024-06-20,214.118.147.52
db433fa8-57b4-4983-972a-045a9b19f680,287,2024-04-04,138.44.251.40
2bd6c503-64f5-408b-9893-38fe2da86b94,193,2024-12-23,152.214.167.44
2744e18f-ea1f-4fff-83e0-3e91e87c67b4,330,2023-07-16,9.90.227.55
ef946387-d07d-4173-9ce9-a207d0ae8a4d,406,2025-05-26,120.7.212.236
bab47643-3fe5-4ad8-aed9-4ed8ddb7f101,169,2024-01-06,18.32.186.71
b86ea986-846d-42cf-9ec4-69cb699ffc36,417,2023-12-15,148.228.48.227
6c275245-d77f-4717-b957-e4b1df7d015a,66,2024-03-25,105.163.78.78
c79eccd3-bdce-4f1b-bbbd-7d2b65dd4595,344,2024-10-28,17.240.58.92
3b4d0a29-d52e-4044-b622-a54b089aa0ea,360,2023-12-07,182.49.125.61
cdd4917e-2290-48e8-b708-453b5745c1cc,425,2024-10-22,137.25.186.48
9ace6881-6021-43c2-bcb3-080ec2db8190,485,2023-06-16,183.97.77.6
713a876c-de94-413b-a382-ddfbd90f2e18,379,2024-08-18,96.180.207.11
536ede9d-563a-441e-98c5-c349322d2b0d,351,2025-05-03,17.155.91.219
8d1f2ba9-b2a1-420e-9e4c-0c80b4e946fa,468,2023-09-23,190.204.102.39
3761407c-8b78-46e9-8a8f-45c148841984,270,2025-01-31,68.3.188.70
2a170130-0c77-41f6-915b-0e9a60023760,48,2025-02-15,55.113.178.155
671b5eea-4d0c-4066-b244-e31b0e4dd908,331,2024-09-22,56.217.229.148
8b9f625b-0a12-4a29-b029-b50a2a5fc0a5,344,2024-03-27,85.137.70.93
6f92437f-8b1f-4dc4-9095-59a3b835d33a,217,2023-12-27,30.234.36.168
27557a17-2ebb-41c5-a209-a2b655cd53b6,261,2023-06-12,205.40.216.184
53d61107-cd3f-477c-81a0-0bf4f4ca2880,186,2025-03-13,199.71.242.158
37e96bd0-acb4-439c-aac7-a67bbd2dd60a,10,2024-08-09,24.145.65.72
68bd4b66-1155-4e26-af55-80f2393296fd,186,2023-11-25,23.146.230.246
90c43923-26d6-4dd3-b154-14c7009373fb,159,2023-09-10,187.0.219.157
03fc9877-f67c-44b6-bb42-f7a96a38f3ef,93,2024-01-25,199.207.69.44
fc8b5272-45ec-4a86-9a52-48ee31c22337,487,2024-04-04,23.116.76.6
6b2cee0b-1723-42ac-bbb9-23b806fe6fc6,110,2024-09-01,112.213.248.142
cd7c5748-7fe4-43ff-8cf4-ad8071bf683b,175,2024-12-07,125.222.98.6
3a156c39-56de-44a2-8ba1-50dc2f2b1914,486,2023-08-06,105.228.90.123
50a21a2b-f5cd-4a5c-ade8-c6a16d76cbf0,393,2023-09-08,2.195.56.43
95cee001-8baa-4f5e-84bb-53f30df9061a,249,2025-02-08,66.80.207.161
11e1ecd7-b110-4e81-a98c-55dbb454ebb4,99,2025-03-31,93.212.5.30
8a172e24-9ec8-438d-94ed-1893bedad796,116,2023-07-06,122.39.37.212
69fb266e-e734-40cf-b5b7-4452a4afb479,71,2025-01-07,55.66.145.26
7e4516ea-4d0a-4c90-bcf8-0d7234d521a5,80,2025-02-06,114.170.247.170
cf91df19-c3f8-471f-814c-5b087f9195ff,40,2023-06-24,88.222.79.175
61e60b5e-3f0d-491a-aa8d-56b88e3bd5c8,152,2024-06-23,120.213.80.200
c1207d94-31c7-4646-be30-aa2c382dcdb4,433,2023-07-13,73.0.41.15
1f84d9ad-68c5-4528-b07c-b5e37bcad136,404,2024-11-28,8.131.76.172
ffb9d7bf-67ee-4ac8-b7d9-5f23ab45d9be,52,2023-11-30,102.226.24.9
32f44356-6b16-4215-ac0f-d99ec1d56a35,260,2023-07-03,6.203.200.182
824190d6-8571-431f-a3f0-1d8d85d9b0ca,395,2025-04-10,163.83.120.94
ef6a9c46-1629-4264-8992-415a9952678b,277,2025-05-28,52.252.5.65
201b2653-5d35-4392-88d7-c9b6ee0adeda,428,2025-05-20,149.89.42.160
91ce087f-8594-4611-abb5-bec23f9c7bd8,379,2024-01-31,27.98.185.128
773042e1-5762-46cb-a29a-e2eebac0e6f5,453,2025-03-19,189.97.100.17
1a99d121-c6c7-420b-8741-dad81239cfe4,270,2025-02-06,144.125.12.151
2fd8e7fc-1693-4eef-9dc7-9c6cd3923e6f,20,2024-01-27,209.109.52.206
f9735aba-96e2-4b95-aec1-18ca4b1d9709,339,2024-08-07,90.13.163.132
c9f65ea8-1708-4490-8b7d-34fb69490f01,173,2025-03-23,6.93.38.86
53501b28-2ece-4fa2-8371-c4dd6a386e07,449,2025-03-14,125.5.3.161
aaf3c3d5-e099-4a92-9387-bc54baad1ad0,393,2024-04-26,31.118.243.239
40c41dcb-8b61-404c-bd62-1fe93dc57ee5,317,2025-04-09,54.191.88.194
035ca57c-21d1-47aa-a412-60f687458d2a,68,2024-05-01,115.199.228.100
d73e5a7e-2af2-4853-b8d6-148b316e2a1f,306,2023-06-30,8.56.249.192
5c497a16-8e80-44bb-abba-387e9ffb8273,193,2023-06-13,18.5.27.59
b29b6647-e55a-48be-8f40-444f4cf55cc8,79,2024-09-05,136.170.184.76
1f6610aa-d9fb-4fa9-a6ec-17cf97db0a34,84,2024-06-08,69.196.79.212
29bafcb6-7f1e-43eb-a3f5-1f357efe9bf2,93,2025-01-05,43.118.71.100
137f114e-375c-4a3f-aa65-4952e7349d9f,426,2024-12-28,71.205.138.192
022b5dbb-907f-402f-b50d-b6d7fdbc4639,355,2025-04-06,192.146.84.2
40da64e4-0786-487d-a770-4396f0c19823,395,2023-08-21,190.7.237.20
5c27e43e-e2ff-4639-8b39-4ea1b7ca8975,320,2024-09-19,147.30.226.28
fb0be64a-257a-4a1e-9df3-e046febc7863,415,2024-01-17,8.172.214.6
e873b089-672c-4542-9f72-200b57c5e802,463,2025-05-05,92.119.111.22
cd9a432b-b8b8-40f6-ab73-2fabac0e3e89,85,2023-06-02,137.90.71.143
e91f6cee-8639-49c1-b80b-f34fe902c70f,370,2025-02-12,166.91.191.62
675ef83c-434c-42ed-b80a-3eeaa9566928,225,2024-12-03,42.65.232.187
9dca4eb8-6021-440a-9033-cb0aef84ce76,23,2024-03-01,75.206.1.104
e43f90b4-0afb-4cd5-b1ee-db8dd0085ff1,211,2023-12-14,131.119.57.172
e0ca87cd-fbd0-4604-9e40-8128e545e0ee,187,2023-07-18,8.25.52.92
254f158b-b41b-4f8c-8e91-2f1ac26da6a9,347,2024-10-23,185.71.38.71
0e8e3f60-c7b1-489d-bb20-e6ef61e7d22f,369,2024-10-22,113.5.248.222
5aa3cfe4-2ea6-4c7e-968a-944be3056f47,122,2024-08-17,5.175.48.213
eb490f4b-b6b5-4adf-844f-87b9b4e8cabb,497,2025-04-23,5.62.2.92
fbc6f3cb-7630-464e-9b14-edd4de486653,228,2023-12-17,159.239.116.226
256e1bd4-265d-4966-b631-5f8760734224,313,2024-07-23,200.24.93.63
98cb8b79-47e1-425b-a6e3-97b9de38b1b9,146,2024-02-09,9.75.236.255
092fc902-9f01-446f-9399-c976c5033140,386,2024-05-02,132.72.36.188
683bda86-e86e-4101-82ec-282bc9ebc1f8,384,2024-12-24,220.198.185.81
e3663fbe-b9f6-484a-8754-86f017f99e6c,402,2023-07-13,194.175.224.253
b9a2188a-bfdf-4bcc-a49e-737746c316f4,230,2025-05-18,108.95.188.141
9a14f828-fa01-41a3-9897-e6477f161bf5,120,2023-06-13,144.4.174.160
71a489d6-09ed-43bc-996a-b514035283c3,274,2023-07-13,164.43.178.195
ff6883b7-d486-4322-aa76-885892531940,123,2024-12-29,72.107.247.15
886785c8-9218-450b-96a8-800f0612b03a,159,2025-04-27,43.243.68.219
b387e777-e1ad-4815-8a49-51db6adb54db,495,2023-09-24,208.122.184.138
ecaa4e63-74a6-4a7b-bb1f-7d0ecd9cf7cd,415,2025-02-21,142.154.149.246
6facee0d-4406-439f-b3f8-99574e81d08e,402,2023-09-27,77.251.6.176
528219cc-a114-4fa9-86a1-42825b8d098a,241,2023-07-25,168.136.53.107
d97fb3cb-c2ee-4d50-b101-ddb2fa44c987,463,2025-01-28,53.59.119.120
f2dc28d1-da3d-43bf-b5c5-6704c3487b79,428,2023-08-17,120.222.95.176
c8a1d78e-7d3d-4c83-ad53-a92101ed51b4,100,2023-09-07,146.197.107.14
54cd0c1a-4a99-4d0a-bf60-37efd407a313,189,2025-02-23,8.129.194.162
e71f58e3-0ddf-4ce2-9e5a-c299eea83531,348,2024-04-05,119.63.116.75
cf1cd62b-f565-4c28-bbb7-1767b01ff34f,485,2025-01-30,40.11.148.33
e8a97903-7dc6-41e8-8df2-0631dfdc4165,293,2024-01-08,87.143.211.202
c8af3241-8e11-4eca-a161-ca96f3f36f2f,226,2024-02-28,92.158.217.228
4a1ccf1a-b3b0-43db-b062-2ced548d283a,237,2024-04-30,56.170.62.63
9ba5cd76-851e-4f87-9a48-aab1dac8dd2e,394,2024-05-25,150.227.160.88
36294553-29c4-4b1a-b057-39c3db441321,145,2025-01-19,156.71.219.81
244a2f58-0872-4204-9af4-41825e2a48b0,399,2023-12-10,39.236.136.221
5b471b40-e3ef-4256-b9bd-a542459cfd35,196,2025-03-19,183.174.134.46
