alert_id,txn_id,user_id,txn_time,amount,fraud_reason,resolved,created_at
1,1,328,"2025-06-02 07:58:54",2227.51,"Blacklisted IP",0,"2025-06-02 16:32:10"
2,2,53,"2025-06-02 07:58:37",13534.3,"Blacklisted IP",0,"2025-06-02 16:32:10"
3,3,16,"2025-06-02 07:59:07",1874.81,"Blacklisted IP",0,"2025-06-02 16:32:10"
4,4,367,"2025-06-02 07:58:36",12998,"Blacklisted IP",0,"2025-06-02 16:32:10"
5,5,143,"2025-06-02 07:59:24",16188.8,"Blacklisted IP",1,"2025-06-02 16:32:10"
6,9,322,"2025-06-02 07:54:39",12370.8,"High-Value International",0,"2025-06-02 16:32:10"
7,13,37,"2025-06-02 07:54:43",12183,"High-Value International",0,"2025-06-02 16:32:10"
8,18,382,"2025-06-02 07:56:25",11227.8,"High-Value International",0,"2025-06-02 16:32:10"
9,23,350,"2025-06-02 07:59:56",17695.9,"High-Value International",0,"2025-06-02 16:32:10"
10,25,498,"2025-06-02 07:55:45",10012.2,"High-Value International",0,"2025-06-02 16:32:10"
11,31,485,"2025-06-02 07:55:40",10996.5,"High-Value International",1,"2025-06-02 16:32:10"
12,37,143,"2025-06-02 07:56:50",13379.9,"High-Value International",0,"2025-06-02 16:32:10"
13,43,448,"2025-06-02 07:54:34",18465.4,"High-Value International",0,"2025-06-02 16:32:10"
14,47,375,"2025-06-02 07:56:38",19908.5,"High-Value International",0,"2025-06-02 16:32:10"
15,50,437,"2025-06-02 07:59:24",10623,"High-Value International",0,"2025-06-02 16:32:10"
16,56,289,"2025-06-02 07:56:47",19921.9,"High-Value International",0,"2025-06-02 16:32:10"
17,58,225,"2025-06-02 07:55:57",16675.1,"High-Value International",0,"2025-06-02 16:32:10"
18,62,105,"2025-06-02 07:54:37",13750.3,"High-Value International",1,"2025-06-02 16:32:10"
19,63,465,"2025-06-02 07:57:12",16922.2,"High-Value International",0,"2025-06-02 16:32:10"
20,65,227,"2025-06-02 07:58:04",11034.1,"High-Value International",0,"2025-06-02 16:32:10"
21,66,484,"2025-06-02 07:56:14",17662.2,"High-Value International",0,"2025-06-02 16:32:10"
22,85,195,"2025-06-02 07:54:48",13546.7,"High-Value International",1,"2025-06-02 16:32:10"
23,88,110,"2025-06-02 08:00:14",10224,"High-Value International",0,"2025-06-02 16:32:10"
24,96,287,"2025-06-02 07:57:38",11909.5,"High-Value International",0,"2025-06-02 16:32:10"
25,99,393,"2025-06-02 07:57:53",15553.7,"High-Value International",0,"2025-06-02 16:32:10"
26,105,153,"2025-06-02 07:56:13",15069.8,"High-Value International",0,"2025-06-02 16:32:10"
27,121,436,"2025-06-02 07:57:20",13685.5,"High-Value International",0,"2025-06-02 16:32:10"
28,124,326,"2025-06-02 07:58:24",17831.6,"High-Value International",0,"2025-06-02 16:32:10"
29,125,376,"2025-06-02 07:57:51",10435.4,"High-Value International",0,"2025-06-02 16:32:10"
30,132,251,"2025-06-02 07:54:53",11104,"High-Value International",0,"2025-06-02 16:32:10"
31,138,142,"2025-06-02 07:57:01",14492,"High-Value International",0,"2025-06-02 16:32:10"
32,141,150,"2025-06-02 07:58:07",13948.7,"High-Value International",0,"2025-06-02 16:32:10"
33,153,136,"2025-06-02 07:59:52",15756.8,"High-Value International",1,"2025-06-02 16:32:10"
34,157,156,"2025-06-02 07:58:32",13995,"High-Value International",1,"2025-06-02 16:32:10"
35,158,42,"2025-06-02 07:55:57",11961.1,"High-Value International",0,"2025-06-02 16:32:10"
36,172,478,"2025-06-02 07:55:19",14332.3,"High-Value International",0,"2025-06-02 16:32:10"
37,174,98,"2025-06-02 07:54:39",18437.4,"High-Value International",0,"2025-06-02 16:32:10"
38,176,137,"2025-06-02 07:59:08",16411.2,"High-Value International",0,"2025-06-02 16:32:10"
39,187,368,"2025-06-02 07:55:51",17748.9,"High-Value International",0,"2025-06-02 16:32:10"
40,200,463,"2025-06-02 07:56:49",18058.8,"High-Value International",0,"2025-06-02 16:32:10"
41,202,338,"2025-06-02 08:00:01",13617.4,"High-Value International",0,"2025-06-02 16:32:10"
42,208,387,"2025-06-02 07:56:27",19330,"High-Value International",0,"2025-06-02 16:32:10"
43,219,121,"2025-06-02 07:55:25",17109.2,"High-Value International",0,"2025-06-02 16:32:10"
44,229,230,"2025-06-02 07:58:23",15560.6,"High-Value International",0,"2025-06-02 16:32:10"
45,230,114,"2025-06-02 07:54:36",18908.4,"High-Value International",1,"2025-06-02 16:32:10"
46,231,338,"2025-06-02 07:57:57",10429.5,"High-Value International",0,"2025-06-02 16:32:10"
47,232,246,"2025-06-02 07:58:41",16946.1,"High-Value International",0,"2025-06-02 16:32:10"
48,235,306,"2025-06-02 07:56:06",10611.6,"High-Value International",0,"2025-06-02 16:32:10"
49,236,407,"2025-06-02 07:56:25",14035.9,"High-Value International",0,"2025-06-02 16:32:10"
50,241,490,"2025-06-02 07:54:54",11232.2,"High-Value International",1,"2025-06-02 16:32:10"
51,242,448,"2025-06-02 07:58:40",13307.2,"High-Value International",0,"2025-06-02 16:32:10"
52,246,288,"2025-06-02 07:55:17",19491,"High-Value International",0,"2025-06-02 16:32:10"
53,275,331,"2025-06-02 07:59:15",17285.1,"High-Value International",0,"2025-06-02 16:32:10"
54,284,73,"2025-06-02 07:58:54",18335,"High-Value International",0,"2025-06-02 16:32:10"
55,291,379,"2025-06-02 07:56:41",17673.8,"High-Value International",0,"2025-06-02 16:32:10"
56,293,355,"2025-06-02 07:58:11",15422.2,"High-Value International",1,"2025-06-02 16:32:10"
57,295,384,"2025-06-02 07:59:27",15676.2,"High-Value International",0,"2025-06-02 16:32:10"
58,299,27,"2025-06-02 07:59:48",12823.9,"High-Value International",0,"2025-06-02 16:32:10"
59,306,389,"2025-06-02 07:56:32",14111,"High-Value International",1,"2025-06-02 16:32:10"
60,312,124,"2025-06-02 07:54:55",11413.7,"High-Value International",0,"2025-06-02 16:32:10"
61,316,124,"2025-06-02 07:55:25",14659.1,"High-Value International",0,"2025-06-02 16:32:10"
62,318,426,"2025-06-02 07:56:52",15583.1,"High-Value International",0,"2025-06-02 16:32:10"
63,330,406,"2025-06-02 07:55:52",18958.1,"High-Value International",0,"2025-06-02 16:32:10"
64,336,128,"2025-06-02 07:58:16",19210.4,"High-Value International",0,"2025-06-02 16:32:10"
65,341,164,"2025-06-02 07:57:09",13357.1,"High-Value International",0,"2025-06-02 16:32:10"
66,354,369,"2025-06-02 07:54:31",18040.1,"High-Value International",1,"2025-06-02 16:32:10"
67,360,161,"2025-06-02 07:56:41",17229.8,"High-Value International",0,"2025-06-02 16:32:10"
68,364,444,"2025-06-02 07:59:51",18046.3,"High-Value International",0,"2025-06-02 16:32:10"
69,372,144,"2025-06-02 07:54:41",16506.4,"High-Value International",0,"2025-06-02 16:32:10"
70,378,173,"2025-06-02 07:58:38",10146.8,"High-Value International",1,"2025-06-02 16:32:10"
71,380,214,"2025-06-02 07:55:25",11674.5,"High-Value International",0,"2025-06-02 16:32:10"
72,381,336,"2025-06-02 07:56:10",15658.3,"High-Value International",1,"2025-06-02 16:32:10"
73,386,435,"2025-06-02 07:57:01",14717,"High-Value International",1,"2025-06-02 16:32:10"
74,389,396,"2025-06-02 07:57:33",17353.2,"High-Value International",0,"2025-06-02 16:32:10"
75,391,153,"2025-06-02 07:55:57",15423.7,"High-Value International",0,"2025-06-02 16:32:10"
76,402,46,"2025-06-02 07:55:38",13046.3,"High-Value International",1,"2025-06-02 16:32:10"
77,407,279,"2025-06-02 07:55:31",10486.8,"High-Value International",1,"2025-06-02 16:32:10"
78,414,185,"2025-06-02 07:58:36",13855.7,"High-Value International",0,"2025-06-02 16:32:10"
79,419,341,"2025-06-02 07:59:22",16512.2,"High-Value International",0,"2025-06-02 16:32:10"
80,421,470,"2025-06-02 07:59:17",11283.8,"High-Value International",0,"2025-06-02 16:32:10"
81,431,339,"2025-06-02 07:55:45",17491.2,"High-Value International",0,"2025-06-02 16:32:10"
82,432,92,"2025-06-02 07:59:07",19856.9,"High-Value International",0,"2025-06-02 16:32:10"
83,443,486,"2025-06-02 07:56:49",11833.8,"High-Value International",0,"2025-06-02 16:32:10"
84,451,21,"2025-06-02 07:55:53",17472.5,"High-Value International",0,"2025-06-02 16:32:10"
85,453,109,"2025-06-02 07:57:02",18743.3,"High-Value International",1,"2025-06-02 16:32:10"
86,458,24,"2025-06-02 07:55:09",11250.9,"High-Value International",1,"2025-06-02 16:32:10"
87,464,18,"2025-06-02 07:54:44",16781.5,"High-Value International",0,"2025-06-02 16:32:10"
88,467,479,"2025-06-02 08:00:10",12330.8,"High-Value International",0,"2025-06-02 16:32:10"
89,478,351,"2025-06-02 07:58:42",18511.8,"High-Value International",0,"2025-06-02 16:32:10"
90,481,124,"2025-06-02 07:55:37",11334.3,"High-Value International",0,"2025-06-02 16:32:10"
91,482,197,"2025-06-02 07:56:26",15112.4,"High-Value International",0,"2025-06-02 16:32:10"
92,505,14,"2025-06-02 07:56:48",19060.1,"High-Value International",1,"2025-06-02 16:32:10"
93,509,274,"2025-06-02 07:56:45",10132.8,"High-Value International",1,"2025-06-02 16:32:10"
94,510,185,"2025-06-02 07:56:22",14033,"High-Value International",0,"2025-06-02 16:32:10"
95,515,238,"2025-06-02 07:54:45",15447.1,"High-Value International",0,"2025-06-02 16:32:10"
96,521,85,"2025-06-02 07:55:24",18598.5,"High-Value International",0,"2025-06-02 16:32:10"
97,527,344,"2025-06-02 07:56:30",17252.9,"High-Value International",0,"2025-06-02 16:32:10"
98,533,331,"2025-06-02 07:56:52",18614,"High-Value International",0,"2025-06-02 16:32:10"
99,540,254,"2025-06-02 07:59:34",10995,"High-Value International",0,"2025-06-02 16:32:10"
100,541,279,"2025-06-02 07:57:39",16465.8,"High-Value International",1,"2025-06-02 16:32:10"
101,545,398,"2025-06-02 07:59:16",16238,"High-Value International",1,"2025-06-02 16:32:10"
102,547,106,"2025-06-02 07:59:36",16270.8,"High-Value International",0,"2025-06-02 16:32:10"
103,548,306,"2025-06-02 07:55:21",10775.8,"High-Value International",1,"2025-06-02 16:32:10"
104,549,137,"2025-06-02 07:57:20",19048,"High-Value International",0,"2025-06-02 16:32:10"
105,554,451,"2025-06-02 07:59:39",15377.9,"High-Value International",0,"2025-06-02 16:32:10"
106,556,445,"2025-06-02 07:55:36",15482.9,"High-Value International",0,"2025-06-02 16:32:10"
107,557,341,"2025-06-02 07:59:25",13946.1,"High-Value International",0,"2025-06-02 16:32:10"
108,559,173,"2025-06-02 07:59:12",10946.7,"High-Value International",0,"2025-06-02 16:32:10"
109,563,478,"2025-06-02 07:55:09",17532,"High-Value International",0,"2025-06-02 16:32:10"
110,568,62,"2025-06-02 07:57:59",19763.1,"High-Value International",1,"2025-06-02 16:32:10"
111,571,272,"2025-06-02 07:55:31",11266.3,"High-Value International",0,"2025-06-02 16:32:10"
112,575,142,"2025-06-02 07:59:22",12892.8,"High-Value International",0,"2025-06-02 16:32:10"
113,577,266,"2025-06-02 07:55:12",12138.9,"High-Value International",0,"2025-06-02 16:32:10"
114,579,256,"2025-06-02 07:56:26",12762,"High-Value International",0,"2025-06-02 16:32:10"
115,584,257,"2025-06-02 07:58:15",15342.4,"High-Value International",0,"2025-06-02 16:32:10"
116,586,262,"2025-06-02 07:57:39",18418.6,"High-Value International",0,"2025-06-02 16:32:10"
117,594,140,"2025-06-02 07:59:18",10477.6,"High-Value International",0,"2025-06-02 16:32:10"
118,605,150,"2025-06-02 07:57:45",11276.6,"High-Value International",0,"2025-06-02 16:32:10"
119,612,235,"2025-06-02 07:54:24",19491.1,"High-Value International",0,"2025-06-02 16:32:10"
120,613,327,"2025-06-02 07:56:08",16399.4,"High-Value International",0,"2025-06-02 16:32:10"
121,616,39,"2025-06-02 07:55:40",18871.2,"High-Value International",0,"2025-06-02 16:32:10"
122,634,279,"2025-06-02 08:00:02",15897.1,"High-Value International",0,"2025-06-02 16:32:10"
123,641,413,"2025-06-02 07:59:11",14762.4,"High-Value International",1,"2025-06-02 16:32:10"
124,643,429,"2025-06-02 08:00:01",19760.1,"High-Value International",1,"2025-06-02 16:32:10"
125,647,361,"2025-06-02 07:59:18",18344.6,"High-Value International",0,"2025-06-02 16:32:10"
126,654,495,"2025-06-02 07:56:10",11350.1,"High-Value International",1,"2025-06-02 16:32:10"
127,678,495,"2025-06-02 07:58:55",10710.8,"High-Value International",0,"2025-06-02 16:32:10"
128,683,428,"2025-06-02 07:58:11",11901.4,"High-Value International",0,"2025-06-02 16:32:10"
129,689,197,"2025-06-02 07:56:00",13096.1,"High-Value International",0,"2025-06-02 16:32:10"
130,704,84,"2025-06-02 07:58:14",16753.2,"High-Value International",0,"2025-06-02 16:32:10"
131,713,340,"2025-06-02 07:58:25",19329.7,"High-Value International",0,"2025-06-02 16:32:10"
132,721,244,"2025-06-02 07:57:10",18130.6,"High-Value International",1,"2025-06-02 16:32:10"
133,728,62,"2025-06-02 07:54:33",17350.1,"High-Value International",0,"2025-06-02 16:32:10"
134,736,192,"2025-06-02 07:58:22",19001.4,"High-Value International",0,"2025-06-02 16:32:10"
135,737,321,"2025-06-02 07:56:22",14672.3,"High-Value International",0,"2025-06-02 16:32:10"
136,744,395,"2025-06-02 07:59:51",10695.1,"High-Value International",0,"2025-06-02 16:32:10"
137,745,335,"2025-06-02 07:57:04",16722.6,"High-Value International",0,"2025-06-02 16:32:10"
138,748,340,"2025-06-02 07:56:01",10406.7,"High-Value International",0,"2025-06-02 16:32:10"
139,749,426,"2025-06-02 07:57:43",17972.5,"High-Value International",0,"2025-06-02 16:32:10"
140,757,21,"2025-06-02 07:58:17",17045.1,"High-Value International",0,"2025-06-02 16:32:10"
141,767,7,"2025-06-02 07:58:54",14091.7,"High-Value International",0,"2025-06-02 16:32:10"
142,768,115,"2025-06-02 07:58:33",19557.9,"High-Value International",0,"2025-06-02 16:32:10"
143,777,310,"2025-06-02 07:56:33",19263.5,"High-Value International",1,"2025-06-02 16:32:10"
144,779,115,"2025-06-02 07:59:59",16886.5,"High-Value International",0,"2025-06-02 16:32:10"
145,780,243,"2025-06-02 07:59:24",14333.4,"High-Value International",1,"2025-06-02 16:32:10"
146,782,494,"2025-06-02 07:54:28",15998.5,"High-Value International",1,"2025-06-02 16:32:10"
147,796,320,"2025-06-02 07:54:25",14288,"High-Value International",0,"2025-06-02 16:32:10"
148,797,333,"2025-06-02 07:56:38",19503.6,"High-Value International",0,"2025-06-02 16:32:10"
149,798,166,"2025-06-02 07:59:48",14207.3,"High-Value International",0,"2025-06-02 16:32:10"
150,799,483,"2025-06-02 07:54:46",13343.5,"High-Value International",0,"2025-06-02 16:32:10"
151,808,364,"2025-06-02 07:59:40",12953,"High-Value International",1,"2025-06-02 16:32:10"
152,820,124,"2025-06-02 07:57:08",18090,"High-Value International",0,"2025-06-02 16:32:10"
153,824,43,"2025-06-02 07:57:58",18964.3,"High-Value International",0,"2025-06-02 16:32:10"
154,825,108,"2025-06-02 08:00:03",13407,"High-Value International",0,"2025-06-02 16:32:10"
155,826,106,"2025-06-02 07:55:36",10755.5,"High-Value International",0,"2025-06-02 16:32:10"
156,833,149,"2025-06-02 07:59:56",15738,"High-Value International",0,"2025-06-02 16:32:10"
157,841,344,"2025-06-02 07:56:38",15993.4,"High-Value International",0,"2025-06-02 16:32:10"
158,848,142,"2025-06-02 07:54:37",16802.4,"High-Value International",0,"2025-06-02 16:32:10"
159,851,457,"2025-06-02 07:56:25",10772.8,"High-Value International",0,"2025-06-02 16:32:10"
160,863,325,"2025-06-02 07:57:38",16593.1,"High-Value International",0,"2025-06-02 16:32:10"
161,864,193,"2025-06-02 07:57:37",13073.8,"High-Value International",0,"2025-06-02 16:32:10"
162,874,497,"2025-06-02 07:58:28",11272.5,"High-Value International",0,"2025-06-02 16:32:10"
163,877,299,"2025-06-02 07:59:39",16409.2,"High-Value International",0,"2025-06-02 16:32:10"
164,883,309,"2025-06-02 07:58:33",10786.2,"High-Value International",0,"2025-06-02 16:32:10"
165,891,334,"2025-06-02 07:55:31",11707.8,"High-Value International",0,"2025-06-02 16:32:10"
166,894,158,"2025-06-02 07:54:33",11553.5,"High-Value International",0,"2025-06-02 16:32:10"
167,903,307,"2025-06-02 07:59:18",10211.5,"High-Value International",0,"2025-06-02 16:32:10"
168,918,458,"2025-06-02 07:59:08",11474.7,"High-Value International",0,"2025-06-02 16:32:10"
169,935,458,"2025-06-02 07:55:27",16987.9,"High-Value International",1,"2025-06-02 16:32:10"
170,946,150,"2025-06-02 07:57:42",14209,"High-Value International",0,"2025-06-02 16:32:10"
171,947,228,"2025-06-02 07:59:24",15619.7,"High-Value International",0,"2025-06-02 16:32:10"
172,955,500,"2025-06-02 07:54:44",17418.1,"High-Value International",1,"2025-06-02 16:32:10"
173,956,486,"2025-06-02 07:54:25",13952.8,"High-Value International",0,"2025-06-02 16:32:10"
174,978,22,"2025-06-02 07:56:51",14894.8,"High-Value International",0,"2025-06-02 16:32:10"
175,982,298,"2025-06-02 07:59:52",15669.7,"High-Value International",0,"2025-06-02 16:32:10"
176,992,398,"2025-06-02 07:56:16",12760.9,"High-Value International",0,"2025-06-02 16:32:10"
177,1,328,"2025-06-02 07:58:54",2227.51,"Unregistered Device",0,"2025-06-02 16:32:10"
178,2,53,"2025-06-02 07:58:37",13534.3,"Unregistered Device",0,"2025-06-02 16:32:10"
179,3,16,"2025-06-02 07:59:07",1874.81,"Unregistered Device",0,"2025-06-02 16:32:10"
180,4,367,"2025-06-02 07:58:36",12998,"Unregistered Device",0,"2025-06-02 16:32:10"
181,5,143,"2025-06-02 07:59:24",16188.8,"Unregistered Device",1,"2025-06-02 16:32:10"
182,6,143,"2025-06-02 07:57:33",3110.43,"Unregistered Device",0,"2025-06-02 16:32:10"
183,7,184,"2025-06-02 07:56:03",16950,"Unregistered Device",0,"2025-06-02 16:32:10"
184,8,236,"2025-06-02 07:54:30",10725,"Unregistered Device",0,"2025-06-02 16:32:10"
185,9,322,"2025-06-02 07:54:39",12370.8,"Unregistered Device",0,"2025-06-02 16:32:10"
186,10,24,"2025-06-02 07:58:42",13225.6,"Unregistered Device",1,"2025-06-02 16:32:10"
187,11,52,"2025-06-02 07:58:54",7603.14,"Unregistered Device",1,"2025-06-02 16:32:10"
188,12,190,"2025-06-02 07:56:27",7106.06,"Unregistered Device",0,"2025-06-02 16:32:10"
189,13,37,"2025-06-02 07:54:43",12183,"Unregistered Device",0,"2025-06-02 16:32:10"
190,14,237,"2025-06-02 08:00:11",7589.73,"Unregistered Device",0,"2025-06-02 16:32:10"
191,15,394,"2025-06-02 07:59:10",15520.2,"Unregistered Device",0,"2025-06-02 16:32:10"
192,16,138,"2025-06-02 07:56:10",1324.71,"Unregistered Device",0,"2025-06-02 16:32:10"
193,17,256,"2025-06-02 07:59:50",7913.24,"Unregistered Device",0,"2025-06-02 16:32:10"
194,18,382,"2025-06-02 07:56:25",11227.8,"Unregistered Device",1,"2025-06-02 16:32:10"
195,19,299,"2025-06-02 07:59:33",7988.61,"Unregistered Device",1,"2025-06-02 16:32:10"
196,20,387,"2025-06-02 08:00:09",943.28,"Unregistered Device",0,"2025-06-02 16:32:10"
197,21,349,"2025-06-02 07:54:48",8443.78,"Unregistered Device",0,"2025-06-02 16:32:10"
198,22,240,"2025-06-02 07:55:27",10582.8,"Unregistered Device",0,"2025-06-02 16:32:10"
199,23,350,"2025-06-02 07:59:56",17695.9,"Unregistered Device",0,"2025-06-02 16:32:10"
200,24,223,"2025-06-02 07:55:57",3164,"Unregistered Device",0,"2025-06-02 16:32:10"
201,25,498,"2025-06-02 07:55:45",10012.2,"Unregistered Device",0,"2025-06-02 16:32:10"
202,26,321,"2025-06-02 07:59:19",5969.6,"Unregistered Device",0,"2025-06-02 16:32:10"
203,27,391,"2025-06-02 07:58:31",3231.82,"Unregistered Device",1,"2025-06-02 16:32:10"
204,28,10,"2025-06-02 07:58:41",2238.24,"Unregistered Device",0,"2025-06-02 16:32:10"
205,29,450,"2025-06-02 07:56:04",11347.6,"Unregistered Device",0,"2025-06-02 16:32:10"
206,30,36,"2025-06-02 07:56:41",19559.7,"Unregistered Device",0,"2025-06-02 16:32:10"
207,31,485,"2025-06-02 07:55:40",10996.5,"Unregistered Device",0,"2025-06-02 16:32:10"
208,32,494,"2025-06-02 07:56:56",4236.75,"Unregistered Device",0,"2025-06-02 16:32:10"
209,33,160,"2025-06-02 07:58:26",7980.45,"Unregistered Device",1,"2025-06-02 16:32:10"
210,34,62,"2025-06-02 07:57:53",4958.86,"Unregistered Device",0,"2025-06-02 16:32:10"
211,35,118,"2025-06-02 07:56:06",11769.2,"Unregistered Device",0,"2025-06-02 16:32:10"
212,36,118,"2025-06-02 07:57:09",1348.94,"Unregistered Device",0,"2025-06-02 16:32:10"
213,37,143,"2025-06-02 07:56:50",13379.9,"Unregistered Device",0,"2025-06-02 16:32:10"
214,38,452,"2025-06-02 07:57:34",11421.3,"Unregistered Device",0,"2025-06-02 16:32:10"
215,39,209,"2025-06-02 07:59:27",3809.01,"Unregistered Device",1,"2025-06-02 16:32:10"
216,40,211,"2025-06-02 07:56:52",9341.03,"Unregistered Device",1,"2025-06-02 16:32:10"
217,41,51,"2025-06-02 07:58:22",1213.19,"Unregistered Device",0,"2025-06-02 16:32:10"
218,42,275,"2025-06-02 07:56:26",8972.82,"Unregistered Device",0,"2025-06-02 16:32:10"
219,43,448,"2025-06-02 07:54:34",18465.4,"Unregistered Device",0,"2025-06-02 16:32:10"
220,44,277,"2025-06-02 07:54:35",16720.7,"Unregistered Device",1,"2025-06-02 16:32:10"
221,45,247,"2025-06-02 08:00:10",4275.73,"Unregistered Device",1,"2025-06-02 16:32:10"
222,46,200,"2025-06-02 07:55:48",5304.8,"Unregistered Device",1,"2025-06-02 16:32:10"
223,47,375,"2025-06-02 07:56:38",19908.5,"Unregistered Device",0,"2025-06-02 16:32:10"
224,48,98,"2025-06-02 07:57:29",5934.86,"Unregistered Device",0,"2025-06-02 16:32:10"
225,49,383,"2025-06-02 07:57:17",6272.78,"Unregistered Device",0,"2025-06-02 16:32:10"
226,50,437,"2025-06-02 07:59:24",10623,"Unregistered Device",0,"2025-06-02 16:32:10"
227,51,36,"2025-06-02 07:58:31",11901.1,"Unregistered Device",0,"2025-06-02 16:32:10"
228,52,292,"2025-06-02 07:58:59",4925.06,"Unregistered Device",0,"2025-06-02 16:32:10"
229,53,337,"2025-06-02 07:57:48",11673.9,"Unregistered Device",0,"2025-06-02 16:32:10"
230,54,343,"2025-06-02 07:59:27",14324.1,"Unregistered Device",0,"2025-06-02 16:32:10"
231,55,331,"2025-06-02 07:58:39",6000.64,"Unregistered Device",0,"2025-06-02 16:32:10"
232,56,289,"2025-06-02 07:56:47",19921.9,"Unregistered Device",1,"2025-06-02 16:32:10"
233,57,68,"2025-06-02 07:57:55",18665.2,"Unregistered Device",0,"2025-06-02 16:32:10"
234,58,225,"2025-06-02 07:55:57",16675.1,"Unregistered Device",0,"2025-06-02 16:32:10"
235,59,5,"2025-06-02 07:58:00",13357.6,"Unregistered Device",0,"2025-06-02 16:32:10"
236,60,481,"2025-06-02 07:57:09",17562.7,"Unregistered Device",1,"2025-06-02 16:32:10"
237,61,284,"2025-06-02 07:54:51",3109.8,"Unregistered Device",1,"2025-06-02 16:32:10"
238,62,105,"2025-06-02 07:54:37",13750.3,"Unregistered Device",0,"2025-06-02 16:32:10"
239,63,465,"2025-06-02 07:57:12",16922.2,"Unregistered Device",1,"2025-06-02 16:32:10"
240,64,23,"2025-06-02 07:59:42",71.91,"Unregistered Device",0,"2025-06-02 16:32:10"
241,65,227,"2025-06-02 07:58:04",11034.1,"Unregistered Device",0,"2025-06-02 16:32:10"
242,66,484,"2025-06-02 07:56:14",17662.2,"Unregistered Device",0,"2025-06-02 16:32:10"
243,67,299,"2025-06-02 07:57:19",11051,"Unregistered Device",0,"2025-06-02 16:32:10"
244,68,461,"2025-06-02 07:58:57",18661.8,"Unregistered Device",1,"2025-06-02 16:32:10"
245,69,342,"2025-06-02 07:57:30",2056.77,"Unregistered Device",0,"2025-06-02 16:32:10"
246,70,80,"2025-06-02 07:55:10",18515.3,"Unregistered Device",1,"2025-06-02 16:32:10"
247,71,91,"2025-06-02 07:56:24",17628.4,"Unregistered Device",1,"2025-06-02 16:32:10"
248,72,401,"2025-06-02 07:57:28",18616.4,"Unregistered Device",0,"2025-06-02 16:32:10"
249,73,56,"2025-06-02 07:59:47",7651.45,"Unregistered Device",1,"2025-06-02 16:32:10"
250,74,471,"2025-06-02 07:57:58",9206.6,"Unregistered Device",0,"2025-06-02 16:32:10"
251,75,205,"2025-06-02 07:59:57",6565.91,"Unregistered Device",1,"2025-06-02 16:32:10"
252,76,205,"2025-06-02 07:55:59",13590.7,"Unregistered Device",0,"2025-06-02 16:32:10"
253,77,497,"2025-06-02 07:55:59",5225.04,"Unregistered Device",0,"2025-06-02 16:32:10"
254,78,223,"2025-06-02 07:58:05",6914.4,"Unregistered Device",0,"2025-06-02 16:32:10"
255,79,60,"2025-06-02 07:54:56",7704.52,"Unregistered Device",0,"2025-06-02 16:32:10"
256,80,224,"2025-06-02 07:57:18",34.82,"Unregistered Device",0,"2025-06-02 16:32:10"
257,81,378,"2025-06-02 07:56:21",13412.9,"Unregistered Device",0,"2025-06-02 16:32:10"
258,82,472,"2025-06-02 07:58:11",6604.67,"Unregistered Device",0,"2025-06-02 16:32:10"
259,83,461,"2025-06-02 07:57:50",6007.15,"Unregistered Device",1,"2025-06-02 16:32:10"
260,84,357,"2025-06-02 07:59:01",5913.81,"Unregistered Device",0,"2025-06-02 16:32:10"
261,85,195,"2025-06-02 07:54:48",13546.7,"Unregistered Device",1,"2025-06-02 16:32:10"
262,86,281,"2025-06-02 07:54:21",16674.7,"Unregistered Device",1,"2025-06-02 16:32:10"
263,87,297,"2025-06-02 07:58:24",12133.6,"Unregistered Device",0,"2025-06-02 16:32:10"
264,88,110,"2025-06-02 08:00:14",10224,"Unregistered Device",0,"2025-06-02 16:32:10"
265,89,340,"2025-06-02 07:58:43",12659.2,"Unregistered Device",1,"2025-06-02 16:32:10"
266,90,121,"2025-06-02 07:55:44",13456.2,"Unregistered Device",0,"2025-06-02 16:32:10"
267,91,244,"2025-06-02 07:57:08",12225.9,"Unregistered Device",0,"2025-06-02 16:32:10"
268,92,295,"2025-06-02 07:55:14",3889.51,"Unregistered Device",0,"2025-06-02 16:32:10"
269,93,336,"2025-06-02 07:54:19",13752.8,"Unregistered Device",0,"2025-06-02 16:32:10"
270,94,491,"2025-06-02 08:00:10",13918.5,"Unregistered Device",1,"2025-06-02 16:32:10"
271,95,435,"2025-06-02 07:59:05",2428.05,"Unregistered Device",1,"2025-06-02 16:32:10"
272,96,287,"2025-06-02 07:57:38",11909.5,"Unregistered Device",1,"2025-06-02 16:32:10"
273,97,259,"2025-06-02 07:58:24",8535.39,"Unregistered Device",0,"2025-06-02 16:32:10"
274,98,442,"2025-06-02 07:54:24",9494.01,"Unregistered Device",1,"2025-06-02 16:32:10"
275,99,393,"2025-06-02 07:57:53",15553.7,"Unregistered Device",0,"2025-06-02 16:32:10"
276,100,40,"2025-06-02 07:59:04",14271.2,"Unregistered Device",0,"2025-06-02 16:32:10"
277,101,277,"2025-06-02 07:56:47",1612.47,"Unregistered Device",1,"2025-06-02 16:32:10"
278,102,362,"2025-06-02 07:55:09",4279.84,"Unregistered Device",0,"2025-06-02 16:32:10"
279,103,213,"2025-06-02 07:55:40",1246.25,"Unregistered Device",0,"2025-06-02 16:32:10"
280,104,485,"2025-06-02 07:55:55",13910.8,"Unregistered Device",1,"2025-06-02 16:32:10"
281,105,153,"2025-06-02 07:56:13",15069.8,"Unregistered Device",0,"2025-06-02 16:32:10"
282,106,410,"2025-06-02 07:55:10",12065.5,"Unregistered Device",0,"2025-06-02 16:32:10"
283,107,249,"2025-06-02 07:56:16",581.47,"Unregistered Device",0,"2025-06-02 16:32:10"
284,108,371,"2025-06-02 07:57:37",3301.73,"Unregistered Device",1,"2025-06-02 16:32:10"
285,109,465,"2025-06-02 07:58:56",7881.01,"Unregistered Device",0,"2025-06-02 16:32:10"
286,110,220,"2025-06-02 07:59:12",2714.85,"Unregistered Device",0,"2025-06-02 16:32:10"
287,111,168,"2025-06-02 07:59:03",4233.99,"Unregistered Device",0,"2025-06-02 16:32:10"
288,112,143,"2025-06-02 08:00:13",15040.4,"Unregistered Device",0,"2025-06-02 16:32:10"
289,113,10,"2025-06-02 07:59:04",14980.7,"Unregistered Device",1,"2025-06-02 16:32:10"
290,114,400,"2025-06-02 07:56:47",19145.8,"Unregistered Device",0,"2025-06-02 16:32:10"
291,115,430,"2025-06-02 07:57:30",408.58,"Unregistered Device",0,"2025-06-02 16:32:10"
292,116,59,"2025-06-02 07:54:27",11279.8,"Unregistered Device",1,"2025-06-02 16:32:10"
293,117,189,"2025-06-02 07:55:54",3356.62,"Unregistered Device",1,"2025-06-02 16:32:10"
294,118,420,"2025-06-02 07:55:26",3276.15,"Unregistered Device",0,"2025-06-02 16:32:10"
295,119,295,"2025-06-02 07:55:06",13547.3,"Unregistered Device",1,"2025-06-02 16:32:10"
296,120,39,"2025-06-02 07:56:16",11842.4,"Unregistered Device",0,"2025-06-02 16:32:10"
297,121,436,"2025-06-02 07:57:20",13685.5,"Unregistered Device",0,"2025-06-02 16:32:10"
298,122,273,"2025-06-02 07:58:15",8568.13,"Unregistered Device",1,"2025-06-02 16:32:10"
299,123,7,"2025-06-02 07:59:06",16991.7,"Unregistered Device",0,"2025-06-02 16:32:10"
300,124,326,"2025-06-02 07:58:24",17831.6,"Unregistered Device",1,"2025-06-02 16:32:10"
301,125,376,"2025-06-02 07:57:51",10435.4,"Unregistered Device",0,"2025-06-02 16:32:10"
302,126,397,"2025-06-02 07:57:12",9670.47,"Unregistered Device",0,"2025-06-02 16:32:10"
303,127,437,"2025-06-02 07:55:52",4910.66,"Unregistered Device",1,"2025-06-02 16:32:10"
304,128,385,"2025-06-02 07:57:55",9294.7,"Unregistered Device",1,"2025-06-02 16:32:10"
305,129,254,"2025-06-02 07:55:00",17019.2,"Unregistered Device",0,"2025-06-02 16:32:10"
306,130,133,"2025-06-02 07:57:23",6807.44,"Unregistered Device",0,"2025-06-02 16:32:10"
307,131,6,"2025-06-02 07:59:21",10333,"Unregistered Device",0,"2025-06-02 16:32:10"
308,132,251,"2025-06-02 07:54:53",11104,"Unregistered Device",0,"2025-06-02 16:32:10"
309,133,252,"2025-06-02 07:58:54",8964.04,"Unregistered Device",0,"2025-06-02 16:32:10"
310,134,355,"2025-06-02 07:57:05",4866.86,"Unregistered Device",0,"2025-06-02 16:32:10"
311,135,177,"2025-06-02 07:54:34",8510.65,"Unregistered Device",0,"2025-06-02 16:32:10"
312,136,139,"2025-06-02 08:00:16",6133.15,"Unregistered Device",0,"2025-06-02 16:32:10"
313,137,62,"2025-06-02 07:57:28",14857.9,"Unregistered Device",0,"2025-06-02 16:32:10"
314,138,142,"2025-06-02 07:57:01",14492,"Unregistered Device",0,"2025-06-02 16:32:10"
315,139,427,"2025-06-02 07:59:10",3883.16,"Unregistered Device",1,"2025-06-02 16:32:10"
316,140,363,"2025-06-02 07:57:07",10683.2,"Unregistered Device",0,"2025-06-02 16:32:10"
317,141,150,"2025-06-02 07:58:07",13948.7,"Unregistered Device",0,"2025-06-02 16:32:10"
318,142,53,"2025-06-02 07:59:41",17454.5,"Unregistered Device",0,"2025-06-02 16:32:10"
319,143,175,"2025-06-02 07:54:40",3688.09,"Unregistered Device",0,"2025-06-02 16:32:10"
320,144,59,"2025-06-02 07:57:40",16442.5,"Unregistered Device",0,"2025-06-02 16:32:10"
321,145,352,"2025-06-02 07:58:39",1073.13,"Unregistered Device",0,"2025-06-02 16:32:10"
322,146,128,"2025-06-02 07:57:33",2369.91,"Unregistered Device",0,"2025-06-02 16:32:10"
323,147,116,"2025-06-02 07:55:30",15514.1,"Unregistered Device",1,"2025-06-02 16:32:10"
324,148,441,"2025-06-02 07:55:49",11770.9,"Unregistered Device",0,"2025-06-02 16:32:10"
325,149,313,"2025-06-02 07:58:40",19202.2,"Unregistered Device",0,"2025-06-02 16:32:10"
326,150,339,"2025-06-02 07:55:07",1624.67,"Unregistered Device",0,"2025-06-02 16:32:10"
327,151,2,"2025-06-02 07:54:19",8170.94,"Unregistered Device",0,"2025-06-02 16:32:10"
328,152,148,"2025-06-02 07:55:13",14139.4,"Unregistered Device",1,"2025-06-02 16:32:10"
329,153,136,"2025-06-02 07:59:52",15756.8,"Unregistered Device",0,"2025-06-02 16:32:10"
330,154,218,"2025-06-02 07:59:55",2296.41,"Unregistered Device",0,"2025-06-02 16:32:10"
331,155,424,"2025-06-02 07:58:52",2845.58,"Unregistered Device",0,"2025-06-02 16:32:10"
332,156,384,"2025-06-02 07:58:33",16485,"Unregistered Device",0,"2025-06-02 16:32:10"
333,157,156,"2025-06-02 07:58:32",13995,"Unregistered Device",0,"2025-06-02 16:32:10"
334,158,42,"2025-06-02 07:55:57",11961.1,"Unregistered Device",0,"2025-06-02 16:32:10"
335,159,14,"2025-06-02 07:57:44",1827.45,"Unregistered Device",0,"2025-06-02 16:32:10"
336,160,345,"2025-06-02 07:58:13",16428.6,"Unregistered Device",0,"2025-06-02 16:32:10"
337,161,241,"2025-06-02 07:57:21",10379.8,"Unregistered Device",0,"2025-06-02 16:32:10"
338,162,224,"2025-06-02 07:55:52",12696.1,"Unregistered Device",1,"2025-06-02 16:32:10"
339,163,171,"2025-06-02 07:59:58",6421.84,"Unregistered Device",0,"2025-06-02 16:32:10"
340,164,254,"2025-06-02 07:59:07",5765.07,"Unregistered Device",0,"2025-06-02 16:32:10"
341,165,162,"2025-06-02 07:58:29",5048.72,"Unregistered Device",0,"2025-06-02 16:32:10"
342,166,1,"2025-06-02 07:57:23",13153.5,"Unregistered Device",0,"2025-06-02 16:32:10"
343,167,266,"2025-06-02 07:55:01",7236.23,"Unregistered Device",0,"2025-06-02 16:32:10"
344,168,105,"2025-06-02 07:59:43",5341.86,"Unregistered Device",0,"2025-06-02 16:32:10"
345,169,249,"2025-06-02 07:54:23",2429.4,"Unregistered Device",0,"2025-06-02 16:32:10"
346,170,283,"2025-06-02 07:54:34",274.48,"Unregistered Device",1,"2025-06-02 16:32:10"
347,171,468,"2025-06-02 07:59:41",2270.11,"Unregistered Device",0,"2025-06-02 16:32:10"
348,172,478,"2025-06-02 07:55:19",14332.3,"Unregistered Device",1,"2025-06-02 16:32:10"
349,173,248,"2025-06-02 07:58:59",19604.9,"Unregistered Device",0,"2025-06-02 16:32:10"
350,174,98,"2025-06-02 07:54:39",18437.4,"Unregistered Device",1,"2025-06-02 16:32:10"
351,175,36,"2025-06-02 07:54:21",5525.67,"Unregistered Device",1,"2025-06-02 16:32:10"
352,176,137,"2025-06-02 07:59:08",16411.2,"Unregistered Device",0,"2025-06-02 16:32:10"
353,177,297,"2025-06-02 08:00:16",19978.1,"Unregistered Device",0,"2025-06-02 16:32:10"
354,178,177,"2025-06-02 07:59:11",6649.47,"Unregistered Device",0,"2025-06-02 16:32:10"
355,179,446,"2025-06-02 07:58:46",3773.86,"Unregistered Device",0,"2025-06-02 16:32:10"
356,180,398,"2025-06-02 07:56:42",8216.09,"Unregistered Device",0,"2025-06-02 16:32:10"
357,181,416,"2025-06-02 07:57:31",7625.24,"Unregistered Device",1,"2025-06-02 16:32:10"
358,182,258,"2025-06-02 07:59:06",19307.1,"Unregistered Device",0,"2025-06-02 16:32:10"
359,183,52,"2025-06-02 07:56:39",10519.5,"Unregistered Device",0,"2025-06-02 16:32:10"
360,184,446,"2025-06-02 07:57:41",13096,"Unregistered Device",0,"2025-06-02 16:32:10"
361,185,136,"2025-06-02 07:59:20",6771.89,"Unregistered Device",0,"2025-06-02 16:32:10"
362,186,437,"2025-06-02 07:55:31",13487.5,"Unregistered Device",0,"2025-06-02 16:32:10"
363,187,368,"2025-06-02 07:55:51",17748.9,"Unregistered Device",1,"2025-06-02 16:32:10"
364,188,121,"2025-06-02 07:58:41",12623.6,"Unregistered Device",0,"2025-06-02 16:32:10"
365,189,51,"2025-06-02 07:56:16",15207.6,"Unregistered Device",0,"2025-06-02 16:32:10"
366,190,463,"2025-06-02 07:58:00",579.92,"Unregistered Device",1,"2025-06-02 16:32:10"
367,191,221,"2025-06-02 07:58:30",2912.25,"Unregistered Device",0,"2025-06-02 16:32:10"
368,192,93,"2025-06-02 07:56:32",3400.5,"Unregistered Device",0,"2025-06-02 16:32:10"
369,193,350,"2025-06-02 07:59:12",4817.36,"Unregistered Device",0,"2025-06-02 16:32:10"
370,194,131,"2025-06-02 07:54:39",9191.95,"Unregistered Device",1,"2025-06-02 16:32:10"
371,195,280,"2025-06-02 08:00:17",3160.35,"Unregistered Device",1,"2025-06-02 16:32:10"
372,196,493,"2025-06-02 07:56:57",8486.75,"Unregistered Device",0,"2025-06-02 16:32:10"
373,197,197,"2025-06-02 07:56:59",17066.9,"Unregistered Device",1,"2025-06-02 16:32:10"
374,198,295,"2025-06-02 07:55:37",5918.15,"Unregistered Device",0,"2025-06-02 16:32:10"
375,199,141,"2025-06-02 07:54:32",162.95,"Unregistered Device",1,"2025-06-02 16:32:10"
376,200,463,"2025-06-02 07:56:49",18058.8,"Unregistered Device",1,"2025-06-02 16:32:10"
377,201,326,"2025-06-02 07:56:00",3803.45,"Unregistered Device",0,"2025-06-02 16:32:10"
378,202,338,"2025-06-02 08:00:01",13617.4,"Unregistered Device",0,"2025-06-02 16:32:10"
379,203,331,"2025-06-02 07:55:47",789.41,"Unregistered Device",0,"2025-06-02 16:32:10"
380,204,68,"2025-06-02 07:58:19",1803.58,"Unregistered Device",0,"2025-06-02 16:32:10"
381,205,103,"2025-06-02 08:00:06",2644.06,"Unregistered Device",1,"2025-06-02 16:32:10"
382,206,140,"2025-06-02 07:59:17",16609.6,"Unregistered Device",1,"2025-06-02 16:32:10"
383,207,383,"2025-06-02 07:57:50",17408.1,"Unregistered Device",0,"2025-06-02 16:32:10"
384,208,387,"2025-06-02 07:56:27",19330,"Unregistered Device",0,"2025-06-02 16:32:10"
385,209,203,"2025-06-02 07:57:20",279.36,"Unregistered Device",1,"2025-06-02 16:32:10"
386,210,384,"2025-06-02 07:59:53",13447.1,"Unregistered Device",0,"2025-06-02 16:32:10"
387,211,191,"2025-06-02 07:59:17",2167.81,"Unregistered Device",0,"2025-06-02 16:32:10"
388,212,483,"2025-06-02 07:58:32",11228.6,"Unregistered Device",0,"2025-06-02 16:32:10"
389,213,422,"2025-06-02 07:59:20",9285.89,"Unregistered Device",0,"2025-06-02 16:32:10"
390,214,24,"2025-06-02 07:57:02",18925.3,"Unregistered Device",0,"2025-06-02 16:32:10"
391,215,455,"2025-06-02 07:59:17",10751.4,"Unregistered Device",0,"2025-06-02 16:32:10"
392,216,381,"2025-06-02 07:55:41",13930,"Unregistered Device",0,"2025-06-02 16:32:10"
393,217,80,"2025-06-02 07:55:47",17708.4,"Unregistered Device",0,"2025-06-02 16:32:10"
394,218,488,"2025-06-02 07:56:35",5595.52,"Unregistered Device",0,"2025-06-02 16:32:10"
395,219,121,"2025-06-02 07:55:25",17109.2,"Unregistered Device",0,"2025-06-02 16:32:10"
396,220,331,"2025-06-02 07:54:18",7174.12,"Unregistered Device",1,"2025-06-02 16:32:10"
397,221,486,"2025-06-02 07:56:40",16960.8,"Unregistered Device",0,"2025-06-02 16:32:10"
398,222,328,"2025-06-02 07:56:26",11943.3,"Unregistered Device",0,"2025-06-02 16:32:10"
399,223,65,"2025-06-02 07:58:28",15739.8,"Unregistered Device",0,"2025-06-02 16:32:10"
400,224,107,"2025-06-02 07:55:55",11728.1,"Unregistered Device",0,"2025-06-02 16:32:10"
401,225,462,"2025-06-02 07:59:03",11920,"Unregistered Device",0,"2025-06-02 16:32:10"
402,226,409,"2025-06-02 07:58:26",3490.77,"Unregistered Device",1,"2025-06-02 16:32:10"
403,227,404,"2025-06-02 07:57:00",4759.39,"Unregistered Device",0,"2025-06-02 16:32:10"
404,228,65,"2025-06-02 08:00:01",14834.6,"Unregistered Device",0,"2025-06-02 16:32:10"
405,229,230,"2025-06-02 07:58:23",15560.6,"Unregistered Device",0,"2025-06-02 16:32:10"
406,230,114,"2025-06-02 07:54:36",18908.4,"Unregistered Device",1,"2025-06-02 16:32:10"
407,231,338,"2025-06-02 07:57:57",10429.5,"Unregistered Device",0,"2025-06-02 16:32:10"
408,232,246,"2025-06-02 07:58:41",16946.1,"Unregistered Device",1,"2025-06-02 16:32:10"
409,233,466,"2025-06-02 07:55:57",8871.8,"Unregistered Device",0,"2025-06-02 16:32:10"
410,234,65,"2025-06-02 07:54:54",5501.04,"Unregistered Device",0,"2025-06-02 16:32:10"
411,235,306,"2025-06-02 07:56:06",10611.6,"Unregistered Device",0,"2025-06-02 16:32:10"
412,236,407,"2025-06-02 07:56:25",14035.9,"Unregistered Device",0,"2025-06-02 16:32:10"
413,237,232,"2025-06-02 07:57:57",17761.9,"Unregistered Device",0,"2025-06-02 16:32:10"
414,238,213,"2025-06-02 07:58:15",14592.5,"Unregistered Device",0,"2025-06-02 16:32:10"
415,239,192,"2025-06-02 07:57:30",19071.9,"Unregistered Device",0,"2025-06-02 16:32:10"
416,240,48,"2025-06-02 07:57:08",8638.1,"Unregistered Device",0,"2025-06-02 16:32:10"
417,241,490,"2025-06-02 07:54:54",11232.2,"Unregistered Device",1,"2025-06-02 16:32:10"
418,242,448,"2025-06-02 07:58:40",13307.2,"Unregistered Device",0,"2025-06-02 16:32:10"
419,243,308,"2025-06-02 07:54:32",6249.67,"Unregistered Device",0,"2025-06-02 16:32:10"
420,244,337,"2025-06-02 07:56:52",9644.31,"Unregistered Device",0,"2025-06-02 16:32:10"
421,245,59,"2025-06-02 07:58:48",15252.3,"Unregistered Device",0,"2025-06-02 16:32:10"
422,246,288,"2025-06-02 07:55:17",19491,"Unregistered Device",1,"2025-06-02 16:32:10"
423,247,14,"2025-06-02 07:57:12",12180.3,"Unregistered Device",1,"2025-06-02 16:32:10"
424,248,391,"2025-06-02 07:57:34",6180.38,"Unregistered Device",0,"2025-06-02 16:32:10"
425,249,74,"2025-06-02 07:59:59",11326.9,"Unregistered Device",0,"2025-06-02 16:32:10"
426,250,498,"2025-06-02 07:56:24",614.11,"Unregistered Device",0,"2025-06-02 16:32:10"
427,251,175,"2025-06-02 07:55:35",3149.03,"Unregistered Device",0,"2025-06-02 16:32:10"
428,252,291,"2025-06-02 07:56:51",11924.9,"Unregistered Device",0,"2025-06-02 16:32:10"
429,253,26,"2025-06-02 07:58:35",13479.7,"Unregistered Device",1,"2025-06-02 16:32:10"
430,254,311,"2025-06-02 07:59:14",8841.44,"Unregistered Device",0,"2025-06-02 16:32:10"
431,255,177,"2025-06-02 07:58:55",8598.84,"Unregistered Device",0,"2025-06-02 16:32:10"
432,256,270,"2025-06-02 07:59:25",13343,"Unregistered Device",0,"2025-06-02 16:32:10"
433,257,29,"2025-06-02 07:54:33",154.73,"Unregistered Device",1,"2025-06-02 16:32:10"
434,258,131,"2025-06-02 07:56:36",5789.65,"Unregistered Device",1,"2025-06-02 16:32:10"
435,259,90,"2025-06-02 07:57:15",2584.58,"Unregistered Device",1,"2025-06-02 16:32:10"
436,260,427,"2025-06-02 07:58:30",13361.3,"Unregistered Device",0,"2025-06-02 16:32:10"
437,261,22,"2025-06-02 07:59:05",8724.96,"Unregistered Device",0,"2025-06-02 16:32:10"
438,262,220,"2025-06-02 07:56:45",11468.4,"Unregistered Device",1,"2025-06-02 16:32:10"
439,263,495,"2025-06-02 07:58:39",6496.04,"Unregistered Device",1,"2025-06-02 16:32:10"
440,264,186,"2025-06-02 07:57:02",1763.51,"Unregistered Device",0,"2025-06-02 16:32:10"
441,265,269,"2025-06-02 07:57:34",1573.86,"Unregistered Device",0,"2025-06-02 16:32:10"
442,266,399,"2025-06-02 07:55:29",3363.49,"Unregistered Device",0,"2025-06-02 16:32:10"
443,267,100,"2025-06-02 07:55:30",18118.6,"Unregistered Device",0,"2025-06-02 16:32:10"
444,268,331,"2025-06-02 07:57:54",16300.9,"Unregistered Device",1,"2025-06-02 16:32:10"
445,269,89,"2025-06-02 07:59:29",12048.4,"Unregistered Device",0,"2025-06-02 16:32:10"
446,270,253,"2025-06-02 07:54:46",9279.6,"Unregistered Device",1,"2025-06-02 16:32:10"
447,271,452,"2025-06-02 07:55:55",11290.3,"Unregistered Device",0,"2025-06-02 16:32:10"
448,272,162,"2025-06-02 07:57:32",3020,"Unregistered Device",0,"2025-06-02 16:32:10"
449,273,408,"2025-06-02 07:56:19",5494.2,"Unregistered Device",0,"2025-06-02 16:32:10"
450,274,237,"2025-06-02 07:55:22",9038.83,"Unregistered Device",0,"2025-06-02 16:32:10"
451,275,331,"2025-06-02 07:59:15",17285.1,"Unregistered Device",0,"2025-06-02 16:32:10"
452,276,237,"2025-06-02 07:55:06",11607,"Unregistered Device",1,"2025-06-02 16:32:10"
453,277,334,"2025-06-02 07:57:33",3765.6,"Unregistered Device",0,"2025-06-02 16:32:10"
454,278,32,"2025-06-02 07:59:10",9011.01,"Unregistered Device",1,"2025-06-02 16:32:10"
455,279,89,"2025-06-02 07:54:36",783.8,"Unregistered Device",0,"2025-06-02 16:32:10"
456,280,82,"2025-06-02 07:55:19",7278.6,"Unregistered Device",0,"2025-06-02 16:32:10"
457,281,348,"2025-06-02 07:59:14",11958.1,"Unregistered Device",0,"2025-06-02 16:32:10"
458,282,348,"2025-06-02 07:55:30",7731.9,"Unregistered Device",0,"2025-06-02 16:32:10"
459,283,465,"2025-06-02 07:57:54",12054.4,"Unregistered Device",0,"2025-06-02 16:32:10"
460,284,73,"2025-06-02 07:58:54",18335,"Unregistered Device",0,"2025-06-02 16:32:10"
461,285,67,"2025-06-02 07:56:24",11901.2,"Unregistered Device",0,"2025-06-02 16:32:10"
462,286,406,"2025-06-02 07:58:27",6570.2,"Unregistered Device",0,"2025-06-02 16:32:10"
463,287,379,"2025-06-02 07:56:19",19943.3,"Unregistered Device",0,"2025-06-02 16:32:10"
464,288,261,"2025-06-02 07:59:49",7237.2,"Unregistered Device",1,"2025-06-02 16:32:10"
465,289,175,"2025-06-02 07:59:33",18953.4,"Unregistered Device",0,"2025-06-02 16:32:10"
466,290,80,"2025-06-02 07:59:45",1544.22,"Unregistered Device",0,"2025-06-02 16:32:10"
467,291,379,"2025-06-02 07:56:41",17673.8,"Unregistered Device",0,"2025-06-02 16:32:10"
468,292,317,"2025-06-02 07:56:22",2621.85,"Unregistered Device",0,"2025-06-02 16:32:10"
469,293,355,"2025-06-02 07:58:11",15422.2,"Unregistered Device",1,"2025-06-02 16:32:10"
470,294,187,"2025-06-02 07:54:31",13527.6,"Unregistered Device",0,"2025-06-02 16:32:10"
471,295,384,"2025-06-02 07:59:27",15676.2,"Unregistered Device",0,"2025-06-02 16:32:10"
472,296,415,"2025-06-02 07:59:11",15687.6,"Unregistered Device",0,"2025-06-02 16:32:10"
473,297,226,"2025-06-02 07:59:59",9234.14,"Unregistered Device",1,"2025-06-02 16:32:10"
474,298,495,"2025-06-02 07:59:06",3242,"Unregistered Device",1,"2025-06-02 16:32:10"
475,299,27,"2025-06-02 07:59:48",12823.9,"Unregistered Device",1,"2025-06-02 16:32:10"
476,300,434,"2025-06-02 07:55:58",10318.7,"Unregistered Device",1,"2025-06-02 16:32:10"
477,301,140,"2025-06-02 07:59:08",8986.94,"Unregistered Device",0,"2025-06-02 16:32:10"
478,302,485,"2025-06-02 08:00:09",18210.2,"Unregistered Device",0,"2025-06-02 16:32:10"
479,303,203,"2025-06-02 07:57:44",10040.6,"Unregistered Device",0,"2025-06-02 16:32:10"
480,304,15,"2025-06-02 07:54:35",6374.38,"Unregistered Device",0,"2025-06-02 16:32:10"
481,305,75,"2025-06-02 07:59:57",2752.85,"Unregistered Device",0,"2025-06-02 16:32:10"
482,306,389,"2025-06-02 07:56:32",14111,"Unregistered Device",0,"2025-06-02 16:32:10"
483,307,10,"2025-06-02 07:58:37",5119.22,"Unregistered Device",0,"2025-06-02 16:32:10"
484,308,271,"2025-06-02 07:59:28",8465.67,"Unregistered Device",0,"2025-06-02 16:32:10"
485,309,123,"2025-06-02 07:58:10",8397.09,"Unregistered Device",0,"2025-06-02 16:32:10"
486,310,464,"2025-06-02 07:56:26",9997.08,"Unregistered Device",0,"2025-06-02 16:32:10"
487,311,124,"2025-06-02 07:54:47",14371.2,"Unregistered Device",1,"2025-06-02 16:32:10"
488,312,124,"2025-06-02 07:54:55",11413.7,"Unregistered Device",0,"2025-06-02 16:32:10"
489,313,500,"2025-06-02 07:58:08",7212.71,"Unregistered Device",0,"2025-06-02 16:32:10"
490,314,260,"2025-06-02 07:56:15",11083.5,"Unregistered Device",0,"2025-06-02 16:32:10"
491,315,192,"2025-06-02 07:59:28",5073.75,"Unregistered Device",1,"2025-06-02 16:32:10"
492,316,124,"2025-06-02 07:55:25",14659.1,"Unregistered Device",1,"2025-06-02 16:32:10"
493,317,69,"2025-06-02 07:56:30",887.67,"Unregistered Device",0,"2025-06-02 16:32:10"
494,318,426,"2025-06-02 07:56:52",15583.1,"Unregistered Device",0,"2025-06-02 16:32:10"
495,319,416,"2025-06-02 07:56:47",2697.92,"Unregistered Device",0,"2025-06-02 16:32:10"
496,320,406,"2025-06-02 07:55:12",3990.2,"Unregistered Device",0,"2025-06-02 16:32:10"
497,321,204,"2025-06-02 08:00:16",19782.5,"Unregistered Device",0,"2025-06-02 16:32:10"
498,322,332,"2025-06-02 07:59:51",3822.88,"Unregistered Device",1,"2025-06-02 16:32:10"
499,323,140,"2025-06-02 07:57:35",2490.38,"Unregistered Device",0,"2025-06-02 16:32:10"
500,324,226,"2025-06-02 07:57:04",17892.9,"Unregistered Device",0,"2025-06-02 16:32:10"
501,325,355,"2025-06-02 07:55:08",9950.97,"Unregistered Device",0,"2025-06-02 16:32:10"
502,326,218,"2025-06-02 07:55:59",1579.46,"Unregistered Device",0,"2025-06-02 16:32:10"
503,327,53,"2025-06-02 07:58:22",1602.3,"Unregistered Device",1,"2025-06-02 16:32:10"
504,328,219,"2025-06-02 07:57:09",3333.73,"Unregistered Device",0,"2025-06-02 16:32:10"
505,329,446,"2025-06-02 07:59:41",18232.2,"Unregistered Device",1,"2025-06-02 16:32:10"
506,330,406,"2025-06-02 07:55:52",18958.1,"Unregistered Device",0,"2025-06-02 16:32:10"
507,331,263,"2025-06-02 07:55:30",16022.1,"Unregistered Device",1,"2025-06-02 16:32:10"
508,332,348,"2025-06-02 07:59:21",15626.5,"Unregistered Device",0,"2025-06-02 16:32:10"
509,333,331,"2025-06-02 07:59:57",7327.2,"Unregistered Device",0,"2025-06-02 16:32:10"
510,334,348,"2025-06-02 07:55:43",8999,"Unregistered Device",0,"2025-06-02 16:32:10"
511,335,294,"2025-06-02 07:59:03",2754.76,"Unregistered Device",0,"2025-06-02 16:32:10"
512,336,128,"2025-06-02 07:58:16",19210.4,"Unregistered Device",0,"2025-06-02 16:32:10"
513,337,199,"2025-06-02 07:54:56",18270.9,"Unregistered Device",0,"2025-06-02 16:32:10"
514,338,229,"2025-06-02 07:56:55",4292.19,"Unregistered Device",0,"2025-06-02 16:32:10"
515,339,252,"2025-06-02 07:54:23",4004.37,"Unregistered Device",0,"2025-06-02 16:32:10"
516,340,366,"2025-06-02 07:57:38",8902.78,"Unregistered Device",0,"2025-06-02 16:32:10"
517,341,164,"2025-06-02 07:57:09",13357.1,"Unregistered Device",0,"2025-06-02 16:32:10"
518,342,154,"2025-06-02 07:57:36",17027.4,"Unregistered Device",0,"2025-06-02 16:32:10"
519,343,103,"2025-06-02 07:58:56",15841.5,"Unregistered Device",0,"2025-06-02 16:32:10"
520,344,294,"2025-06-02 07:56:23",7378.85,"Unregistered Device",0,"2025-06-02 16:32:10"
521,345,34,"2025-06-02 07:57:25",6186.51,"Unregistered Device",0,"2025-06-02 16:32:10"
522,346,422,"2025-06-02 07:58:26",11498.4,"Unregistered Device",0,"2025-06-02 16:32:10"
523,347,239,"2025-06-02 07:59:07",13602.5,"Unregistered Device",1,"2025-06-02 16:32:10"
524,348,283,"2025-06-02 07:54:43",12796.2,"Unregistered Device",0,"2025-06-02 16:32:10"
525,349,445,"2025-06-02 07:54:58",1109.2,"Unregistered Device",1,"2025-06-02 16:32:10"
526,350,83,"2025-06-02 07:58:44",6453.89,"Unregistered Device",0,"2025-06-02 16:32:10"
527,351,459,"2025-06-02 07:55:47",5681.68,"Unregistered Device",0,"2025-06-02 16:32:10"
528,352,283,"2025-06-02 07:54:50",5489.75,"Unregistered Device",0,"2025-06-02 16:32:10"
529,353,329,"2025-06-02 07:54:21",3373.55,"Unregistered Device",1,"2025-06-02 16:32:10"
530,354,369,"2025-06-02 07:54:31",18040.1,"Unregistered Device",1,"2025-06-02 16:32:10"
531,355,15,"2025-06-02 07:54:18",1625.38,"Unregistered Device",0,"2025-06-02 16:32:10"
532,356,293,"2025-06-02 07:58:11",8332.32,"Unregistered Device",0,"2025-06-02 16:32:10"
533,357,149,"2025-06-02 07:59:14",12838.5,"Unregistered Device",0,"2025-06-02 16:32:10"
534,358,351,"2025-06-02 07:59:54",8122.44,"Unregistered Device",0,"2025-06-02 16:32:10"
535,359,226,"2025-06-02 07:57:09",8313.02,"Unregistered Device",0,"2025-06-02 16:32:10"
536,360,161,"2025-06-02 07:56:41",17229.8,"Unregistered Device",0,"2025-06-02 16:32:10"
537,361,205,"2025-06-02 07:55:52",2616.19,"Unregistered Device",1,"2025-06-02 16:32:10"
538,362,124,"2025-06-02 07:58:49",9329.98,"Unregistered Device",0,"2025-06-02 16:32:10"
539,363,26,"2025-06-02 07:56:58",5804.95,"Unregistered Device",0,"2025-06-02 16:32:10"
540,364,444,"2025-06-02 07:59:51",18046.3,"Unregistered Device",0,"2025-06-02 16:32:10"
541,365,391,"2025-06-02 07:57:51",3187.69,"Unregistered Device",1,"2025-06-02 16:32:10"
542,366,255,"2025-06-02 07:59:02",464.5,"Unregistered Device",0,"2025-06-02 16:32:10"
543,367,111,"2025-06-02 07:55:10",11667.3,"Unregistered Device",1,"2025-06-02 16:32:10"
544,368,452,"2025-06-02 07:57:20",16857.2,"Unregistered Device",0,"2025-06-02 16:32:10"
545,369,221,"2025-06-02 07:55:27",2679.56,"Unregistered Device",1,"2025-06-02 16:32:10"
546,370,188,"2025-06-02 07:55:03",905.8,"Unregistered Device",0,"2025-06-02 16:32:10"
547,371,284,"2025-06-02 07:56:33",5772.75,"Unregistered Device",1,"2025-06-02 16:32:10"
548,372,144,"2025-06-02 07:54:41",16506.4,"Unregistered Device",0,"2025-06-02 16:32:10"
549,373,500,"2025-06-02 07:56:08",1934.53,"Unregistered Device",0,"2025-06-02 16:32:10"
550,374,387,"2025-06-02 08:00:10",2886.2,"Unregistered Device",0,"2025-06-02 16:32:10"
551,375,24,"2025-06-02 07:56:37",779.24,"Unregistered Device",1,"2025-06-02 16:32:10"
552,376,311,"2025-06-02 07:55:04",17862.7,"Unregistered Device",0,"2025-06-02 16:32:10"
553,377,84,"2025-06-02 07:56:48",7859.7,"Unregistered Device",0,"2025-06-02 16:32:10"
554,378,173,"2025-06-02 07:58:38",10146.8,"Unregistered Device",0,"2025-06-02 16:32:10"
555,379,154,"2025-06-02 07:59:37",9498.38,"Unregistered Device",0,"2025-06-02 16:32:10"
556,380,214,"2025-06-02 07:55:25",11674.5,"Unregistered Device",0,"2025-06-02 16:32:10"
557,381,336,"2025-06-02 07:56:10",15658.3,"Unregistered Device",0,"2025-06-02 16:32:10"
558,382,299,"2025-06-02 07:55:44",9609.5,"Unregistered Device",0,"2025-06-02 16:32:10"
559,383,431,"2025-06-02 07:56:58",7604.43,"Unregistered Device",0,"2025-06-02 16:32:10"
560,384,57,"2025-06-02 07:55:15",3816.5,"Unregistered Device",0,"2025-06-02 16:32:10"
561,385,354,"2025-06-02 07:56:43",4078.63,"Unregistered Device",1,"2025-06-02 16:32:10"
562,386,435,"2025-06-02 07:57:01",14717,"Unregistered Device",0,"2025-06-02 16:32:10"
563,387,288,"2025-06-02 07:56:22",6501.67,"Unregistered Device",0,"2025-06-02 16:32:10"
564,388,89,"2025-06-02 07:57:06",9193.81,"Unregistered Device",1,"2025-06-02 16:32:10"
565,389,396,"2025-06-02 07:57:33",17353.2,"Unregistered Device",0,"2025-06-02 16:32:10"
566,390,127,"2025-06-02 07:58:59",5580.85,"Unregistered Device",1,"2025-06-02 16:32:10"
567,391,153,"2025-06-02 07:55:57",15423.7,"Unregistered Device",1,"2025-06-02 16:32:10"
568,392,246,"2025-06-02 07:56:18",6976.71,"Unregistered Device",1,"2025-06-02 16:32:10"
569,393,279,"2025-06-02 07:59:48",7594.5,"Unregistered Device",0,"2025-06-02 16:32:10"
570,394,75,"2025-06-02 07:59:15",5809.76,"Unregistered Device",0,"2025-06-02 16:32:10"
571,395,227,"2025-06-02 07:56:00",13119.8,"Unregistered Device",0,"2025-06-02 16:32:10"
572,396,139,"2025-06-02 07:54:39",18660.6,"Unregistered Device",0,"2025-06-02 16:32:10"
573,397,301,"2025-06-02 07:57:41",4786.4,"Unregistered Device",0,"2025-06-02 16:32:10"
574,398,327,"2025-06-02 07:58:50",4657.5,"Unregistered Device",1,"2025-06-02 16:32:10"
575,399,52,"2025-06-02 07:59:13",13624.2,"Unregistered Device",0,"2025-06-02 16:32:10"
576,400,476,"2025-06-02 08:00:14",3159.66,"Unregistered Device",0,"2025-06-02 16:32:10"
577,401,494,"2025-06-02 07:57:22",5745.61,"Unregistered Device",0,"2025-06-02 16:32:10"
578,402,46,"2025-06-02 07:55:38",13046.3,"Unregistered Device",1,"2025-06-02 16:32:10"
579,403,480,"2025-06-02 07:54:33",746.93,"Unregistered Device",1,"2025-06-02 16:32:10"
580,404,479,"2025-06-02 07:58:55",18392.8,"Unregistered Device",0,"2025-06-02 16:32:10"
581,405,493,"2025-06-02 07:58:39",17445.9,"Unregistered Device",0,"2025-06-02 16:32:10"
582,406,309,"2025-06-02 07:56:25",2146.91,"Unregistered Device",0,"2025-06-02 16:32:10"
583,407,279,"2025-06-02 07:55:31",10486.8,"Unregistered Device",0,"2025-06-02 16:32:10"
584,408,415,"2025-06-02 07:58:45",2253.82,"Unregistered Device",1,"2025-06-02 16:32:10"
585,409,368,"2025-06-02 07:59:48",3724.8,"Unregistered Device",0,"2025-06-02 16:32:10"
586,410,99,"2025-06-02 08:00:02",3510.72,"Unregistered Device",0,"2025-06-02 16:32:10"
587,411,206,"2025-06-02 07:58:08",13385.5,"Unregistered Device",0,"2025-06-02 16:32:10"
588,412,128,"2025-06-02 07:57:08",137.6,"Unregistered Device",0,"2025-06-02 16:32:10"
589,413,489,"2025-06-02 07:59:14",6593.18,"Unregistered Device",0,"2025-06-02 16:32:10"
590,414,185,"2025-06-02 07:58:36",13855.7,"Unregistered Device",0,"2025-06-02 16:32:10"
591,415,82,"2025-06-02 07:58:28",8108.93,"Unregistered Device",0,"2025-06-02 16:32:10"
592,416,61,"2025-06-02 07:55:15",12774.6,"Unregistered Device",0,"2025-06-02 16:32:10"
593,417,491,"2025-06-02 07:57:29",2672.24,"Unregistered Device",0,"2025-06-02 16:32:10"
594,418,192,"2025-06-02 07:58:42",8317.5,"Unregistered Device",0,"2025-06-02 16:32:10"
595,419,341,"2025-06-02 07:59:22",16512.2,"Unregistered Device",0,"2025-06-02 16:32:10"
596,420,404,"2025-06-02 07:58:26",1638.32,"Unregistered Device",1,"2025-06-02 16:32:10"
597,421,470,"2025-06-02 07:59:17",11283.8,"Unregistered Device",0,"2025-06-02 16:32:10"
598,422,294,"2025-06-02 07:58:58",10733.7,"Unregistered Device",1,"2025-06-02 16:32:10"
599,423,60,"2025-06-02 07:57:06",13606.2,"Unregistered Device",0,"2025-06-02 16:32:10"
600,424,229,"2025-06-02 07:58:03",16174,"Unregistered Device",0,"2025-06-02 16:32:10"
601,425,289,"2025-06-02 07:59:04",1155.68,"Unregistered Device",0,"2025-06-02 16:32:10"
602,426,12,"2025-06-02 07:58:07",7919.58,"Unregistered Device",0,"2025-06-02 16:32:10"
603,427,24,"2025-06-02 07:55:18",8474.52,"Unregistered Device",0,"2025-06-02 16:32:10"
604,428,36,"2025-06-02 07:58:38",19722.8,"Unregistered Device",0,"2025-06-02 16:32:10"
605,429,394,"2025-06-02 07:59:19",2709.44,"Unregistered Device",1,"2025-06-02 16:32:10"
606,430,446,"2025-06-02 07:59:34",18342.4,"Unregistered Device",0,"2025-06-02 16:32:10"
607,431,339,"2025-06-02 07:55:45",17491.2,"Unregistered Device",1,"2025-06-02 16:32:10"
608,432,92,"2025-06-02 07:59:07",19856.9,"Unregistered Device",0,"2025-06-02 16:32:10"
609,433,115,"2025-06-02 07:57:24",16696.6,"Unregistered Device",0,"2025-06-02 16:32:10"
610,434,279,"2025-06-02 07:57:32",8483.14,"Unregistered Device",0,"2025-06-02 16:32:10"
611,435,80,"2025-06-02 07:54:22",5513.72,"Unregistered Device",0,"2025-06-02 16:32:10"
612,436,315,"2025-06-02 07:54:29",15321.3,"Unregistered Device",0,"2025-06-02 16:32:10"
613,437,305,"2025-06-02 07:55:54",672.49,"Unregistered Device",0,"2025-06-02 16:32:10"
614,438,126,"2025-06-02 07:55:13",14811.1,"Unregistered Device",0,"2025-06-02 16:32:10"
615,439,387,"2025-06-02 07:57:57",17274.7,"Unregistered Device",0,"2025-06-02 16:32:10"
616,440,120,"2025-06-02 08:00:10",16315.9,"Unregistered Device",0,"2025-06-02 16:32:10"
617,441,345,"2025-06-02 07:54:21",16367.8,"Unregistered Device",0,"2025-06-02 16:32:10"
618,442,339,"2025-06-02 07:57:42",10425.5,"Unregistered Device",0,"2025-06-02 16:32:10"
619,443,486,"2025-06-02 07:56:49",11833.8,"Unregistered Device",1,"2025-06-02 16:32:10"
620,444,254,"2025-06-02 07:58:56",938.64,"Unregistered Device",0,"2025-06-02 16:32:10"
621,445,269,"2025-06-02 07:55:58",6375.37,"Unregistered Device",1,"2025-06-02 16:32:10"
622,446,95,"2025-06-02 07:58:45",15088.6,"Unregistered Device",0,"2025-06-02 16:32:10"
623,447,440,"2025-06-02 07:55:16",14151.8,"Unregistered Device",0,"2025-06-02 16:32:10"
624,448,214,"2025-06-02 07:57:16",11146.2,"Unregistered Device",0,"2025-06-02 16:32:10"
625,449,170,"2025-06-02 07:57:26",12934.5,"Unregistered Device",0,"2025-06-02 16:32:10"
626,450,425,"2025-06-02 07:55:04",3810.44,"Unregistered Device",0,"2025-06-02 16:32:10"
627,451,21,"2025-06-02 07:55:53",17472.5,"Unregistered Device",0,"2025-06-02 16:32:10"
628,452,112,"2025-06-02 07:58:18",9588.4,"Unregistered Device",1,"2025-06-02 16:32:10"
629,453,109,"2025-06-02 07:57:02",18743.3,"Unregistered Device",0,"2025-06-02 16:32:10"
630,454,125,"2025-06-02 07:54:35",13912.8,"Unregistered Device",0,"2025-06-02 16:32:10"
631,455,165,"2025-06-02 07:56:27",15510.5,"Unregistered Device",0,"2025-06-02 16:32:10"
632,456,158,"2025-06-02 07:56:35",5231.97,"Unregistered Device",1,"2025-06-02 16:32:10"
633,457,370,"2025-06-02 07:57:41",9390.34,"Unregistered Device",1,"2025-06-02 16:32:10"
634,458,24,"2025-06-02 07:55:09",11250.9,"Unregistered Device",1,"2025-06-02 16:32:10"
635,459,479,"2025-06-02 07:59:39",11681,"Unregistered Device",1,"2025-06-02 16:32:10"
636,460,118,"2025-06-02 07:57:41",7597.42,"Unregistered Device",0,"2025-06-02 16:32:10"
637,461,351,"2025-06-02 07:57:00",6751.95,"Unregistered Device",0,"2025-06-02 16:32:10"
638,462,236,"2025-06-02 07:57:21",3365.5,"Unregistered Device",0,"2025-06-02 16:32:10"
639,463,251,"2025-06-02 07:57:07",3681.77,"Unregistered Device",0,"2025-06-02 16:32:10"
640,464,18,"2025-06-02 07:54:44",16781.5,"Unregistered Device",0,"2025-06-02 16:32:10"
641,465,212,"2025-06-02 07:54:27",2750.69,"Unregistered Device",1,"2025-06-02 16:32:10"
642,466,112,"2025-06-02 07:56:58",10115.2,"Unregistered Device",0,"2025-06-02 16:32:10"
643,467,479,"2025-06-02 08:00:10",12330.8,"Unregistered Device",0,"2025-06-02 16:32:10"
644,468,283,"2025-06-02 07:56:07",8227.36,"Unregistered Device",1,"2025-06-02 16:32:10"
645,469,147,"2025-06-02 07:59:23",343.83,"Unregistered Device",0,"2025-06-02 16:32:10"
646,470,269,"2025-06-02 07:57:16",2978.8,"Unregistered Device",0,"2025-06-02 16:32:10"
647,471,182,"2025-06-02 07:55:33",5347.23,"Unregistered Device",1,"2025-06-02 16:32:10"
648,472,236,"2025-06-02 07:59:07",11300.5,"Unregistered Device",0,"2025-06-02 16:32:10"
649,473,42,"2025-06-02 07:57:01",13075.1,"Unregistered Device",0,"2025-06-02 16:32:10"
650,474,283,"2025-06-02 08:00:14",9520.63,"Unregistered Device",0,"2025-06-02 16:32:10"
651,475,433,"2025-06-02 07:55:24",8678.76,"Unregistered Device",1,"2025-06-02 16:32:10"
652,476,459,"2025-06-02 07:54:21",10563.7,"Unregistered Device",0,"2025-06-02 16:32:10"
653,477,355,"2025-06-02 07:54:24",17751.2,"Unregistered Device",0,"2025-06-02 16:32:10"
654,478,351,"2025-06-02 07:58:42",18511.8,"Unregistered Device",0,"2025-06-02 16:32:10"
655,479,476,"2025-06-02 07:59:05",17008.7,"Unregistered Device",0,"2025-06-02 16:32:10"
656,480,421,"2025-06-02 07:59:24",14254.5,"Unregistered Device",0,"2025-06-02 16:32:10"
657,481,124,"2025-06-02 07:55:37",11334.3,"Unregistered Device",0,"2025-06-02 16:32:10"
658,482,197,"2025-06-02 07:56:26",15112.4,"Unregistered Device",0,"2025-06-02 16:32:10"
659,483,382,"2025-06-02 07:54:21",19486.5,"Unregistered Device",0,"2025-06-02 16:32:10"
660,484,39,"2025-06-02 07:57:50",6812.51,"Unregistered Device",0,"2025-06-02 16:32:10"
661,485,168,"2025-06-02 07:55:57",593.48,"Unregistered Device",0,"2025-06-02 16:32:10"
662,486,284,"2025-06-02 07:57:34",18822.9,"Unregistered Device",0,"2025-06-02 16:32:10"
663,487,195,"2025-06-02 08:00:15",1714.8,"Unregistered Device",1,"2025-06-02 16:32:10"
664,488,38,"2025-06-02 07:57:42",1641.68,"Unregistered Device",1,"2025-06-02 16:32:10"
665,489,79,"2025-06-02 07:57:39",14793.4,"Unregistered Device",1,"2025-06-02 16:32:10"
666,490,483,"2025-06-02 07:56:42",6166.04,"Unregistered Device",0,"2025-06-02 16:32:10"
667,491,96,"2025-06-02 07:54:21",8620.16,"Unregistered Device",0,"2025-06-02 16:32:10"
668,492,14,"2025-06-02 08:00:00",1793.29,"Unregistered Device",0,"2025-06-02 16:32:10"
669,493,167,"2025-06-02 07:55:48",17274.5,"Unregistered Device",1,"2025-06-02 16:32:10"
670,494,44,"2025-06-02 07:56:21",14497.2,"Unregistered Device",0,"2025-06-02 16:32:10"
671,495,351,"2025-06-02 07:58:32",7615.26,"Unregistered Device",0,"2025-06-02 16:32:10"
672,496,75,"2025-06-02 07:59:28",1266.28,"Unregistered Device",0,"2025-06-02 16:32:10"
673,497,401,"2025-06-02 07:55:00",1539.35,"Unregistered Device",0,"2025-06-02 16:32:10"
674,498,305,"2025-06-02 07:56:11",12333.8,"Unregistered Device",0,"2025-06-02 16:32:10"
675,499,486,"2025-06-02 07:59:32",7914.44,"Unregistered Device",0,"2025-06-02 16:32:10"
676,500,226,"2025-06-02 07:54:54",6695.39,"Unregistered Device",0,"2025-06-02 16:32:10"
677,501,486,"2025-06-02 07:55:11",13906.2,"Unregistered Device",1,"2025-06-02 16:32:10"
678,502,496,"2025-06-02 07:56:44",6383.43,"Unregistered Device",0,"2025-06-02 16:32:10"
679,503,193,"2025-06-02 07:56:47",5606.72,"Unregistered Device",0,"2025-06-02 16:32:10"
680,504,103,"2025-06-02 07:56:26",11845,"Unregistered Device",1,"2025-06-02 16:32:10"
681,505,14,"2025-06-02 07:56:48",19060.1,"Unregistered Device",1,"2025-06-02 16:32:10"
682,506,150,"2025-06-02 07:59:44",16625.8,"Unregistered Device",0,"2025-06-02 16:32:10"
683,507,325,"2025-06-02 07:59:26",6057.35,"Unregistered Device",0,"2025-06-02 16:32:10"
684,508,405,"2025-06-02 07:59:53",7540.44,"Unregistered Device",1,"2025-06-02 16:32:10"
685,509,274,"2025-06-02 07:56:45",10132.8,"Unregistered Device",1,"2025-06-02 16:32:10"
686,510,185,"2025-06-02 07:56:22",14033,"Unregistered Device",1,"2025-06-02 16:32:10"
687,511,56,"2025-06-02 07:55:25",15379.3,"Unregistered Device",0,"2025-06-02 16:32:10"
688,512,289,"2025-06-02 08:00:14",19672.2,"Unregistered Device",0,"2025-06-02 16:32:10"
689,513,55,"2025-06-02 07:59:40",211.94,"Unregistered Device",0,"2025-06-02 16:32:10"
690,514,286,"2025-06-02 07:57:57",11610.8,"Unregistered Device",0,"2025-06-02 16:32:10"
691,515,238,"2025-06-02 07:54:45",15447.1,"Unregistered Device",0,"2025-06-02 16:32:10"
692,516,13,"2025-06-02 07:57:49",9655.94,"Unregistered Device",0,"2025-06-02 16:32:10"
693,517,60,"2025-06-02 07:54:34",16626.5,"Unregistered Device",1,"2025-06-02 16:32:10"
694,518,402,"2025-06-02 07:59:48",4138.14,"Unregistered Device",0,"2025-06-02 16:32:10"
695,519,370,"2025-06-02 07:59:48",13935.6,"Unregistered Device",0,"2025-06-02 16:32:10"
696,520,364,"2025-06-02 07:55:48",2302.59,"Unregistered Device",0,"2025-06-02 16:32:10"
697,521,85,"2025-06-02 07:55:24",18598.5,"Unregistered Device",0,"2025-06-02 16:32:10"
698,522,170,"2025-06-02 07:57:20",11197.4,"Unregistered Device",0,"2025-06-02 16:32:10"
699,523,95,"2025-06-02 07:58:10",3728.55,"Unregistered Device",0,"2025-06-02 16:32:10"
700,524,453,"2025-06-02 07:55:21",3947.29,"Unregistered Device",1,"2025-06-02 16:32:10"
701,525,106,"2025-06-02 07:58:13",5567.62,"Unregistered Device",0,"2025-06-02 16:32:10"
702,526,275,"2025-06-02 07:58:32",3740.01,"Unregistered Device",0,"2025-06-02 16:32:10"
703,527,344,"2025-06-02 07:56:30",17252.9,"Unregistered Device",0,"2025-06-02 16:32:10"
704,528,313,"2025-06-02 07:58:22",7851.49,"Unregistered Device",0,"2025-06-02 16:32:10"
705,529,317,"2025-06-02 07:55:57",3451.38,"Unregistered Device",0,"2025-06-02 16:32:10"
706,530,69,"2025-06-02 07:54:52",6264.4,"Unregistered Device",0,"2025-06-02 16:32:10"
707,531,356,"2025-06-02 07:57:01",2828.03,"Unregistered Device",0,"2025-06-02 16:32:10"
708,532,197,"2025-06-02 07:59:14",8461.35,"Unregistered Device",1,"2025-06-02 16:32:10"
709,533,331,"2025-06-02 07:56:52",18614,"Unregistered Device",0,"2025-06-02 16:32:10"
710,534,72,"2025-06-02 07:58:51",3742.78,"Unregistered Device",0,"2025-06-02 16:32:10"
711,535,488,"2025-06-02 07:56:25",192.66,"Unregistered Device",0,"2025-06-02 16:32:10"
712,536,288,"2025-06-02 07:58:22",10109.2,"Unregistered Device",1,"2025-06-02 16:32:10"
713,537,364,"2025-06-02 07:55:53",16798,"Unregistered Device",1,"2025-06-02 16:32:10"
714,538,408,"2025-06-02 07:59:30",15221.4,"Unregistered Device",0,"2025-06-02 16:32:10"
715,539,148,"2025-06-02 07:54:46",3365.01,"Unregistered Device",1,"2025-06-02 16:32:10"
716,540,254,"2025-06-02 07:59:34",10995,"Unregistered Device",1,"2025-06-02 16:32:10"
717,541,279,"2025-06-02 07:57:39",16465.8,"Unregistered Device",0,"2025-06-02 16:32:10"
718,542,390,"2025-06-02 07:59:35",14379.9,"Unregistered Device",0,"2025-06-02 16:32:10"
719,543,425,"2025-06-02 07:54:46",13073.8,"Unregistered Device",0,"2025-06-02 16:32:10"
720,544,231,"2025-06-02 07:59:22",5257.04,"Unregistered Device",0,"2025-06-02 16:32:10"
721,545,398,"2025-06-02 07:59:16",16238,"Unregistered Device",0,"2025-06-02 16:32:10"
722,546,441,"2025-06-02 07:57:57",14215.4,"Unregistered Device",0,"2025-06-02 16:32:10"
723,547,106,"2025-06-02 07:59:36",16270.8,"Unregistered Device",0,"2025-06-02 16:32:10"
724,548,306,"2025-06-02 07:55:21",10775.8,"Unregistered Device",0,"2025-06-02 16:32:10"
725,549,137,"2025-06-02 07:57:20",19048,"Unregistered Device",0,"2025-06-02 16:32:10"
726,550,493,"2025-06-02 07:57:31",15002.1,"Unregistered Device",0,"2025-06-02 16:32:10"
727,551,65,"2025-06-02 07:59:11",14028.8,"Unregistered Device",0,"2025-06-02 16:32:10"
728,552,425,"2025-06-02 07:54:33",4951.85,"Unregistered Device",0,"2025-06-02 16:32:10"
729,553,138,"2025-06-02 07:56:00",12556.6,"Unregistered Device",0,"2025-06-02 16:32:10"
730,554,451,"2025-06-02 07:59:39",15377.9,"Unregistered Device",0,"2025-06-02 16:32:10"
731,555,480,"2025-06-02 07:57:19",17546.5,"Unregistered Device",1,"2025-06-02 16:32:10"
732,556,445,"2025-06-02 07:55:36",15482.9,"Unregistered Device",0,"2025-06-02 16:32:10"
733,557,341,"2025-06-02 07:59:25",13946.1,"Unregistered Device",1,"2025-06-02 16:32:10"
734,558,220,"2025-06-02 07:56:52",16497.1,"Unregistered Device",1,"2025-06-02 16:32:10"
735,559,173,"2025-06-02 07:59:12",10946.7,"Unregistered Device",0,"2025-06-02 16:32:10"
736,560,176,"2025-06-02 07:57:47",17883.2,"Unregistered Device",0,"2025-06-02 16:32:10"
737,561,429,"2025-06-02 07:56:57",9192.18,"Unregistered Device",0,"2025-06-02 16:32:10"
738,562,491,"2025-06-02 07:57:42",8556.56,"Unregistered Device",0,"2025-06-02 16:32:10"
739,563,478,"2025-06-02 07:55:09",17532,"Unregistered Device",1,"2025-06-02 16:32:10"
740,564,191,"2025-06-02 07:58:23",13290.5,"Unregistered Device",1,"2025-06-02 16:32:10"
741,565,372,"2025-06-02 07:56:47",13989.1,"Unregistered Device",0,"2025-06-02 16:32:10"
742,566,49,"2025-06-02 07:56:01",22.72,"Unregistered Device",0,"2025-06-02 16:32:10"
743,567,266,"2025-06-02 07:57:29",13600,"Unregistered Device",0,"2025-06-02 16:32:10"
744,568,62,"2025-06-02 07:57:59",19763.1,"Unregistered Device",1,"2025-06-02 16:32:10"
745,569,118,"2025-06-02 07:54:52",7662.02,"Unregistered Device",1,"2025-06-02 16:32:10"
746,570,154,"2025-06-02 07:58:27",2743.45,"Unregistered Device",0,"2025-06-02 16:32:10"
747,571,272,"2025-06-02 07:55:31",11266.3,"Unregistered Device",0,"2025-06-02 16:32:10"
748,572,370,"2025-06-02 07:58:50",4261.9,"Unregistered Device",0,"2025-06-02 16:32:10"
749,573,441,"2025-06-02 07:55:00",4345.68,"Unregistered Device",0,"2025-06-02 16:32:10"
750,574,374,"2025-06-02 07:58:37",7681.25,"Unregistered Device",0,"2025-06-02 16:32:10"
751,575,142,"2025-06-02 07:59:22",12892.8,"Unregistered Device",1,"2025-06-02 16:32:10"
752,576,312,"2025-06-02 07:55:50",5699.13,"Unregistered Device",1,"2025-06-02 16:32:10"
753,577,266,"2025-06-02 07:55:12",12138.9,"Unregistered Device",0,"2025-06-02 16:32:10"
754,578,28,"2025-06-02 07:54:21",15676.2,"Unregistered Device",0,"2025-06-02 16:32:10"
755,579,256,"2025-06-02 07:56:26",12762,"Unregistered Device",0,"2025-06-02 16:32:10"
756,580,185,"2025-06-02 07:57:11",18678.6,"Unregistered Device",0,"2025-06-02 16:32:10"
757,581,216,"2025-06-02 07:55:53",7308.88,"Unregistered Device",0,"2025-06-02 16:32:10"
758,582,38,"2025-06-02 07:56:11",334.77,"Unregistered Device",0,"2025-06-02 16:32:10"
759,583,473,"2025-06-02 07:56:44",1210.32,"Unregistered Device",0,"2025-06-02 16:32:10"
760,584,257,"2025-06-02 07:58:15",15342.4,"Unregistered Device",1,"2025-06-02 16:32:10"
761,585,275,"2025-06-02 07:57:51",10753.6,"Unregistered Device",0,"2025-06-02 16:32:10"
762,586,262,"2025-06-02 07:57:39",18418.6,"Unregistered Device",0,"2025-06-02 16:32:10"
763,587,325,"2025-06-02 07:55:49",15264.7,"Unregistered Device",1,"2025-06-02 16:32:10"
764,588,489,"2025-06-02 07:54:50",16929.5,"Unregistered Device",1,"2025-06-02 16:32:10"
765,589,60,"2025-06-02 07:58:27",9067.98,"Unregistered Device",0,"2025-06-02 16:32:10"
766,590,337,"2025-06-02 07:59:26",14813.4,"Unregistered Device",0,"2025-06-02 16:32:10"
767,591,6,"2025-06-02 07:54:17",3277.49,"Unregistered Device",1,"2025-06-02 16:32:10"
768,592,370,"2025-06-02 08:00:10",5185.68,"Unregistered Device",0,"2025-06-02 16:32:10"
769,593,138,"2025-06-02 07:58:04",14659,"Unregistered Device",0,"2025-06-02 16:32:10"
770,594,140,"2025-06-02 07:59:18",10477.6,"Unregistered Device",0,"2025-06-02 16:32:10"
771,595,40,"2025-06-02 07:59:42",9923.46,"Unregistered Device",0,"2025-06-02 16:32:10"
772,596,291,"2025-06-02 07:54:36",3338.46,"Unregistered Device",1,"2025-06-02 16:32:10"
773,597,294,"2025-06-02 07:57:58",13482.7,"Unregistered Device",1,"2025-06-02 16:32:10"
774,598,23,"2025-06-02 07:55:45",17173.9,"Unregistered Device",0,"2025-06-02 16:32:10"
775,599,197,"2025-06-02 07:58:13",18404.6,"Unregistered Device",0,"2025-06-02 16:32:10"
776,600,366,"2025-06-02 07:57:55",14813.6,"Unregistered Device",0,"2025-06-02 16:32:10"
777,601,469,"2025-06-02 08:00:00",14406,"Unregistered Device",0,"2025-06-02 16:32:10"
778,602,258,"2025-06-02 08:00:04",13466.8,"Unregistered Device",0,"2025-06-02 16:32:10"
779,603,24,"2025-06-02 07:54:41",19081.6,"Unregistered Device",1,"2025-06-02 16:32:10"
780,604,433,"2025-06-02 07:55:46",6214.64,"Unregistered Device",0,"2025-06-02 16:32:10"
781,605,150,"2025-06-02 07:57:45",11276.6,"Unregistered Device",1,"2025-06-02 16:32:10"
782,606,189,"2025-06-02 07:57:49",11834.2,"Unregistered Device",0,"2025-06-02 16:32:10"
783,607,390,"2025-06-02 07:56:04",15919.7,"Unregistered Device",1,"2025-06-02 16:32:10"
784,608,120,"2025-06-02 07:56:50",10831.4,"Unregistered Device",1,"2025-06-02 16:32:10"
785,609,193,"2025-06-02 07:57:40",16980.3,"Unregistered Device",0,"2025-06-02 16:32:10"
786,610,122,"2025-06-02 07:57:11",8396.9,"Unregistered Device",0,"2025-06-02 16:32:10"
787,611,23,"2025-06-02 07:59:55",18425.6,"Unregistered Device",0,"2025-06-02 16:32:10"
788,612,235,"2025-06-02 07:54:24",19491.1,"Unregistered Device",0,"2025-06-02 16:32:10"
789,613,327,"2025-06-02 07:56:08",16399.4,"Unregistered Device",0,"2025-06-02 16:32:10"
790,614,340,"2025-06-02 07:55:20",19284.4,"Unregistered Device",0,"2025-06-02 16:32:10"
791,615,475,"2025-06-02 07:58:31",16016.5,"Unregistered Device",1,"2025-06-02 16:32:10"
792,616,39,"2025-06-02 07:55:40",18871.2,"Unregistered Device",0,"2025-06-02 16:32:10"
793,617,85,"2025-06-02 07:55:35",8991.89,"Unregistered Device",0,"2025-06-02 16:32:10"
794,618,494,"2025-06-02 07:59:44",15407,"Unregistered Device",0,"2025-06-02 16:32:10"
795,619,62,"2025-06-02 07:55:03",1809.33,"Unregistered Device",0,"2025-06-02 16:32:10"
796,620,111,"2025-06-02 07:58:56",16718.7,"Unregistered Device",1,"2025-06-02 16:32:10"
797,621,496,"2025-06-02 07:59:11",7115.5,"Unregistered Device",0,"2025-06-02 16:32:10"
798,622,420,"2025-06-02 07:59:40",19813.5,"Unregistered Device",0,"2025-06-02 16:32:10"
799,623,384,"2025-06-02 07:59:59",11002.9,"Unregistered Device",0,"2025-06-02 16:32:10"
800,624,72,"2025-06-02 08:00:03",2429.94,"Unregistered Device",1,"2025-06-02 16:32:10"
801,625,206,"2025-06-02 07:57:31",7445.42,"Unregistered Device",0,"2025-06-02 16:32:10"
802,626,417,"2025-06-02 07:58:48",1500.67,"Unregistered Device",0,"2025-06-02 16:32:10"
803,627,415,"2025-06-02 07:58:09",2576.7,"Unregistered Device",0,"2025-06-02 16:32:10"
804,628,26,"2025-06-02 07:55:49",3360.62,"Unregistered Device",0,"2025-06-02 16:32:10"
805,629,255,"2025-06-02 07:59:08",590.62,"Unregistered Device",0,"2025-06-02 16:32:10"
806,630,96,"2025-06-02 07:59:44",5500.36,"Unregistered Device",0,"2025-06-02 16:32:10"
807,631,316,"2025-06-02 07:55:28",4916.45,"Unregistered Device",0,"2025-06-02 16:32:10"
808,632,246,"2025-06-02 07:58:10",1220.52,"Unregistered Device",1,"2025-06-02 16:32:10"
809,633,330,"2025-06-02 07:57:31",17693.2,"Unregistered Device",1,"2025-06-02 16:32:10"
810,634,279,"2025-06-02 08:00:02",15897.1,"Unregistered Device",1,"2025-06-02 16:32:10"
811,635,401,"2025-06-02 07:59:42",9694.11,"Unregistered Device",0,"2025-06-02 16:32:10"
812,636,93,"2025-06-02 08:00:10",522.23,"Unregistered Device",1,"2025-06-02 16:32:10"
813,637,399,"2025-06-02 07:55:21",5619.37,"Unregistered Device",0,"2025-06-02 16:32:10"
814,638,120,"2025-06-02 07:55:22",19479.6,"Unregistered Device",1,"2025-06-02 16:32:10"
815,639,274,"2025-06-02 07:58:11",16325.9,"Unregistered Device",0,"2025-06-02 16:32:10"
816,640,409,"2025-06-02 07:57:29",7769.06,"Unregistered Device",0,"2025-06-02 16:32:10"
817,641,413,"2025-06-02 07:59:11",14762.4,"Unregistered Device",0,"2025-06-02 16:32:10"
818,642,181,"2025-06-02 07:58:33",18951.2,"Unregistered Device",0,"2025-06-02 16:32:10"
819,643,429,"2025-06-02 08:00:01",19760.1,"Unregistered Device",0,"2025-06-02 16:32:10"
820,644,20,"2025-06-02 07:59:05",1806.06,"Unregistered Device",0,"2025-06-02 16:32:10"
821,645,1,"2025-06-02 07:57:27",6635.35,"Unregistered Device",0,"2025-06-02 16:32:10"
822,646,368,"2025-06-02 08:00:13",3550.02,"Unregistered Device",0,"2025-06-02 16:32:10"
823,647,361,"2025-06-02 07:59:18",18344.6,"Unregistered Device",0,"2025-06-02 16:32:10"
824,648,38,"2025-06-02 07:57:51",7472.44,"Unregistered Device",0,"2025-06-02 16:32:10"
825,649,166,"2025-06-02 07:59:39",2729.9,"Unregistered Device",0,"2025-06-02 16:32:10"
826,650,328,"2025-06-02 07:59:07",19213.3,"Unregistered Device",0,"2025-06-02 16:32:10"
827,651,356,"2025-06-02 07:59:25",17792.1,"Unregistered Device",0,"2025-06-02 16:32:10"
828,652,418,"2025-06-02 07:58:08",3507.86,"Unregistered Device",0,"2025-06-02 16:32:10"
829,653,91,"2025-06-02 07:56:52",14576.9,"Unregistered Device",0,"2025-06-02 16:32:10"
830,654,495,"2025-06-02 07:56:10",11350.1,"Unregistered Device",0,"2025-06-02 16:32:10"
831,655,496,"2025-06-02 07:57:22",12228,"Unregistered Device",0,"2025-06-02 16:32:10"
832,656,170,"2025-06-02 08:00:16",14907.1,"Unregistered Device",0,"2025-06-02 16:32:10"
833,657,454,"2025-06-02 07:54:42",19261.6,"Unregistered Device",0,"2025-06-02 16:32:10"
834,658,128,"2025-06-02 07:56:55",13863.8,"Unregistered Device",0,"2025-06-02 16:32:10"
835,659,1,"2025-06-02 07:54:50",963.9,"Unregistered Device",0,"2025-06-02 16:32:10"
836,660,453,"2025-06-02 07:56:09",8280.97,"Unregistered Device",0,"2025-06-02 16:32:10"
837,661,425,"2025-06-02 07:57:20",9590.31,"Unregistered Device",1,"2025-06-02 16:32:10"
838,662,84,"2025-06-02 07:57:47",9026.3,"Unregistered Device",0,"2025-06-02 16:32:10"
839,663,488,"2025-06-02 07:56:04",2095.4,"Unregistered Device",0,"2025-06-02 16:32:10"
840,664,375,"2025-06-02 07:56:04",1500.97,"Unregistered Device",0,"2025-06-02 16:32:10"
841,665,458,"2025-06-02 08:00:12",9655.25,"Unregistered Device",1,"2025-06-02 16:32:10"
842,666,311,"2025-06-02 07:58:55",17795.2,"Unregistered Device",0,"2025-06-02 16:32:10"
843,667,499,"2025-06-02 07:55:53",3800.5,"Unregistered Device",0,"2025-06-02 16:32:10"
844,668,136,"2025-06-02 07:57:22",13212.3,"Unregistered Device",0,"2025-06-02 16:32:10"
845,669,293,"2025-06-02 07:57:55",10993.7,"Unregistered Device",0,"2025-06-02 16:32:10"
846,670,219,"2025-06-02 07:55:43",1753.48,"Unregistered Device",0,"2025-06-02 16:32:10"
847,671,106,"2025-06-02 07:57:53",3417.47,"Unregistered Device",0,"2025-06-02 16:32:10"
848,672,158,"2025-06-02 08:00:16",15697.8,"Unregistered Device",0,"2025-06-02 16:32:10"
849,673,47,"2025-06-02 07:59:22",12837.7,"Unregistered Device",0,"2025-06-02 16:32:10"
850,674,190,"2025-06-02 07:54:57",3732.47,"Unregistered Device",0,"2025-06-02 16:32:10"
851,675,116,"2025-06-02 07:57:25",16741.7,"Unregistered Device",0,"2025-06-02 16:32:10"
852,676,342,"2025-06-02 07:55:20",1934.96,"Unregistered Device",0,"2025-06-02 16:32:10"
853,677,302,"2025-06-02 07:59:14",4551.03,"Unregistered Device",0,"2025-06-02 16:32:10"
854,678,495,"2025-06-02 07:58:55",10710.8,"Unregistered Device",0,"2025-06-02 16:32:10"
855,679,154,"2025-06-02 07:56:16",1580.02,"Unregistered Device",0,"2025-06-02 16:32:10"
856,680,410,"2025-06-02 07:59:03",11430.1,"Unregistered Device",1,"2025-06-02 16:32:10"
857,681,230,"2025-06-02 07:56:00",3458.41,"Unregistered Device",0,"2025-06-02 16:32:10"
858,682,22,"2025-06-02 07:55:36",8468.07,"Unregistered Device",0,"2025-06-02 16:32:10"
859,683,428,"2025-06-02 07:58:11",11901.4,"Unregistered Device",0,"2025-06-02 16:32:10"
860,684,45,"2025-06-02 07:58:00",7762.59,"Unregistered Device",0,"2025-06-02 16:32:10"
861,685,267,"2025-06-02 07:58:30",9163.69,"Unregistered Device",0,"2025-06-02 16:32:10"
862,686,401,"2025-06-02 07:55:31",8392.46,"Unregistered Device",0,"2025-06-02 16:32:10"
863,687,299,"2025-06-02 07:57:06",15167.8,"Unregistered Device",1,"2025-06-02 16:32:10"
864,688,403,"2025-06-02 07:55:39",5722.57,"Unregistered Device",0,"2025-06-02 16:32:10"
865,689,197,"2025-06-02 07:56:00",13096.1,"Unregistered Device",0,"2025-06-02 16:32:10"
866,690,142,"2025-06-02 07:56:07",8060.08,"Unregistered Device",1,"2025-06-02 16:32:10"
867,691,20,"2025-06-02 07:54:18",7916.46,"Unregistered Device",0,"2025-06-02 16:32:10"
868,692,244,"2025-06-02 07:55:51",18416.8,"Unregistered Device",0,"2025-06-02 16:32:10"
869,693,156,"2025-06-02 07:57:41",6219.68,"Unregistered Device",1,"2025-06-02 16:32:10"
870,694,445,"2025-06-02 07:59:09",4559.92,"Unregistered Device",0,"2025-06-02 16:32:10"
871,695,165,"2025-06-02 07:54:39",5389.13,"Unregistered Device",0,"2025-06-02 16:32:10"
872,696,227,"2025-06-02 07:57:39",4228.6,"Unregistered Device",0,"2025-06-02 16:32:10"
873,697,445,"2025-06-02 07:59:51",7478.83,"Unregistered Device",0,"2025-06-02 16:32:10"
874,698,160,"2025-06-02 07:59:41",14191.7,"Unregistered Device",0,"2025-06-02 16:32:10"
875,699,451,"2025-06-02 07:56:40",11373.9,"Unregistered Device",0,"2025-06-02 16:32:10"
876,700,429,"2025-06-02 07:59:46",1153.49,"Unregistered Device",1,"2025-06-02 16:32:10"
877,701,361,"2025-06-02 07:56:39",3983,"Unregistered Device",1,"2025-06-02 16:32:10"
878,702,473,"2025-06-02 07:56:16",2478.33,"Unregistered Device",0,"2025-06-02 16:32:10"
879,703,229,"2025-06-02 07:55:00",3552.5,"Unregistered Device",0,"2025-06-02 16:32:10"
880,704,84,"2025-06-02 07:58:14",16753.2,"Unregistered Device",1,"2025-06-02 16:32:10"
881,705,146,"2025-06-02 07:59:06",549.98,"Unregistered Device",0,"2025-06-02 16:32:10"
882,706,495,"2025-06-02 07:55:26",4287.16,"Unregistered Device",0,"2025-06-02 16:32:10"
883,707,138,"2025-06-02 08:00:15",13032.1,"Unregistered Device",0,"2025-06-02 16:32:10"
884,708,393,"2025-06-02 07:56:54",13644.3,"Unregistered Device",1,"2025-06-02 16:32:10"
885,709,411,"2025-06-02 07:59:51",170.27,"Unregistered Device",1,"2025-06-02 16:32:10"
886,710,365,"2025-06-02 07:57:28",19340.5,"Unregistered Device",0,"2025-06-02 16:32:10"
887,711,179,"2025-06-02 07:58:47",9180.5,"Unregistered Device",1,"2025-06-02 16:32:10"
888,712,423,"2025-06-02 07:58:24",12472.5,"Unregistered Device",0,"2025-06-02 16:32:10"
889,713,340,"2025-06-02 07:58:25",19329.7,"Unregistered Device",0,"2025-06-02 16:32:10"
890,714,145,"2025-06-02 07:55:55",5970.22,"Unregistered Device",0,"2025-06-02 16:32:10"
891,715,142,"2025-06-02 07:58:03",12812.2,"Unregistered Device",0,"2025-06-02 16:32:10"
892,716,457,"2025-06-02 07:55:15",13029.7,"Unregistered Device",0,"2025-06-02 16:32:10"
893,717,461,"2025-06-02 07:58:11",1136.44,"Unregistered Device",0,"2025-06-02 16:32:10"
894,718,72,"2025-06-02 07:58:04",14425.9,"Unregistered Device",0,"2025-06-02 16:32:10"
895,719,208,"2025-06-02 07:55:23",7766.11,"Unregistered Device",0,"2025-06-02 16:32:10"
896,720,418,"2025-06-02 08:00:12",3799.11,"Unregistered Device",1,"2025-06-02 16:32:10"
897,721,244,"2025-06-02 07:57:10",18130.6,"Unregistered Device",1,"2025-06-02 16:32:10"
898,722,431,"2025-06-02 07:55:07",13152.6,"Unregistered Device",0,"2025-06-02 16:32:10"
899,723,66,"2025-06-02 07:58:46",14818.6,"Unregistered Device",0,"2025-06-02 16:32:10"
900,724,172,"2025-06-02 07:58:08",13089,"Unregistered Device",1,"2025-06-02 16:32:10"
901,725,158,"2025-06-02 07:59:37",8410.03,"Unregistered Device",0,"2025-06-02 16:32:10"
902,726,238,"2025-06-02 07:59:48",17024.4,"Unregistered Device",0,"2025-06-02 16:32:10"
903,727,298,"2025-06-02 07:54:22",18886.1,"Unregistered Device",1,"2025-06-02 16:32:10"
904,728,62,"2025-06-02 07:54:33",17350.1,"Unregistered Device",0,"2025-06-02 16:32:10"
905,729,446,"2025-06-02 07:56:52",17084.9,"Unregistered Device",1,"2025-06-02 16:32:10"
906,730,292,"2025-06-02 07:59:44",17857,"Unregistered Device",0,"2025-06-02 16:32:10"
907,731,93,"2025-06-02 08:00:13",15579,"Unregistered Device",0,"2025-06-02 16:32:10"
908,732,161,"2025-06-02 07:54:58",12690.3,"Unregistered Device",0,"2025-06-02 16:32:10"
909,733,397,"2025-06-02 07:57:22",3372.95,"Unregistered Device",0,"2025-06-02 16:32:10"
910,734,46,"2025-06-02 07:56:49",2588.99,"Unregistered Device",0,"2025-06-02 16:32:10"
911,735,495,"2025-06-02 07:58:49",9548.53,"Unregistered Device",0,"2025-06-02 16:32:10"
912,736,192,"2025-06-02 07:58:22",19001.4,"Unregistered Device",0,"2025-06-02 16:32:10"
913,737,321,"2025-06-02 07:56:22",14672.3,"Unregistered Device",1,"2025-06-02 16:32:10"
914,738,67,"2025-06-02 07:56:13",2055.06,"Unregistered Device",0,"2025-06-02 16:32:10"
915,739,422,"2025-06-02 07:56:28",915.32,"Unregistered Device",0,"2025-06-02 16:32:10"
916,740,269,"2025-06-02 07:54:20",6757.37,"Unregistered Device",0,"2025-06-02 16:32:10"
917,741,385,"2025-06-02 07:57:25",3769.33,"Unregistered Device",0,"2025-06-02 16:32:10"
918,742,68,"2025-06-02 07:55:48",4224.59,"Unregistered Device",0,"2025-06-02 16:32:10"
919,743,188,"2025-06-02 07:58:58",14222.5,"Unregistered Device",0,"2025-06-02 16:32:10"
920,744,395,"2025-06-02 07:59:51",10695.1,"Unregistered Device",0,"2025-06-02 16:32:10"
921,745,335,"2025-06-02 07:57:04",16722.6,"Unregistered Device",0,"2025-06-02 16:32:10"
922,746,195,"2025-06-02 07:57:39",2472.78,"Unregistered Device",0,"2025-06-02 16:32:10"
923,747,356,"2025-06-02 07:59:48",13715.1,"Unregistered Device",0,"2025-06-02 16:32:10"
924,748,340,"2025-06-02 07:56:01",10406.7,"Unregistered Device",1,"2025-06-02 16:32:10"
925,749,426,"2025-06-02 07:57:43",17972.5,"Unregistered Device",1,"2025-06-02 16:32:10"
926,750,59,"2025-06-02 07:54:36",15695.4,"Unregistered Device",0,"2025-06-02 16:32:10"
927,751,135,"2025-06-02 08:00:03",16630.1,"Unregistered Device",0,"2025-06-02 16:32:10"
928,752,83,"2025-06-02 07:56:01",789.07,"Unregistered Device",0,"2025-06-02 16:32:10"
929,753,170,"2025-06-02 07:59:05",4690.87,"Unregistered Device",0,"2025-06-02 16:32:10"
930,754,428,"2025-06-02 07:58:44",11483.5,"Unregistered Device",0,"2025-06-02 16:32:10"
931,755,262,"2025-06-02 07:59:49",1501.89,"Unregistered Device",1,"2025-06-02 16:32:10"
932,756,152,"2025-06-02 07:58:13",5283.24,"Unregistered Device",1,"2025-06-02 16:32:10"
933,757,21,"2025-06-02 07:58:17",17045.1,"Unregistered Device",0,"2025-06-02 16:32:10"
934,758,60,"2025-06-02 07:54:28",1900.87,"Unregistered Device",0,"2025-06-02 16:32:10"
935,759,332,"2025-06-02 07:55:02",3411.08,"Unregistered Device",0,"2025-06-02 16:32:10"
936,760,450,"2025-06-02 07:56:02",14661.6,"Unregistered Device",0,"2025-06-02 16:32:10"
937,761,205,"2025-06-02 07:57:43",19246.2,"Unregistered Device",1,"2025-06-02 16:32:10"
938,762,410,"2025-06-02 07:55:44",8435.37,"Unregistered Device",0,"2025-06-02 16:32:10"
939,763,31,"2025-06-02 07:54:55",19631.4,"Unregistered Device",1,"2025-06-02 16:32:10"
940,764,248,"2025-06-02 07:58:44",16045.5,"Unregistered Device",0,"2025-06-02 16:32:10"
941,765,184,"2025-06-02 07:56:19",12227.6,"Unregistered Device",0,"2025-06-02 16:32:10"
942,766,455,"2025-06-02 07:55:22",8226.27,"Unregistered Device",0,"2025-06-02 16:32:10"
943,767,7,"2025-06-02 07:58:54",14091.7,"Unregistered Device",1,"2025-06-02 16:32:10"
944,768,115,"2025-06-02 07:58:33",19557.9,"Unregistered Device",1,"2025-06-02 16:32:10"
945,769,317,"2025-06-02 07:57:29",1905.75,"Unregistered Device",0,"2025-06-02 16:32:10"
946,770,329,"2025-06-02 07:54:28",7698.15,"Unregistered Device",0,"2025-06-02 16:32:10"
947,771,81,"2025-06-02 07:59:07",10111.8,"Unregistered Device",1,"2025-06-02 16:32:10"
948,772,385,"2025-06-02 07:55:00",9833.47,"Unregistered Device",1,"2025-06-02 16:32:10"
949,773,260,"2025-06-02 07:55:57",4454.91,"Unregistered Device",0,"2025-06-02 16:32:10"
950,774,236,"2025-06-02 07:56:01",8884.33,"Unregistered Device",0,"2025-06-02 16:32:10"
951,775,229,"2025-06-02 07:54:57",6321.91,"Unregistered Device",0,"2025-06-02 16:32:10"
952,776,212,"2025-06-02 07:58:59",717.6,"Unregistered Device",0,"2025-06-02 16:32:10"
953,777,310,"2025-06-02 07:56:33",19263.5,"Unregistered Device",1,"2025-06-02 16:32:10"
954,778,344,"2025-06-02 07:59:27",9124.7,"Unregistered Device",1,"2025-06-02 16:32:10"
955,779,115,"2025-06-02 07:59:59",16886.5,"Unregistered Device",0,"2025-06-02 16:32:10"
956,780,243,"2025-06-02 07:59:24",14333.4,"Unregistered Device",0,"2025-06-02 16:32:10"
957,781,389,"2025-06-02 07:59:04",13178.5,"Unregistered Device",0,"2025-06-02 16:32:10"
958,782,494,"2025-06-02 07:54:28",15998.5,"Unregistered Device",0,"2025-06-02 16:32:10"
959,783,24,"2025-06-02 07:59:34",17937.7,"Unregistered Device",1,"2025-06-02 16:32:10"
960,784,370,"2025-06-02 07:54:41",8184.81,"Unregistered Device",0,"2025-06-02 16:32:10"
961,785,477,"2025-06-02 07:58:28",17044,"Unregistered Device",0,"2025-06-02 16:32:10"
962,786,367,"2025-06-02 07:55:31",6759.33,"Unregistered Device",0,"2025-06-02 16:32:10"
963,787,345,"2025-06-02 07:55:38",11776.6,"Unregistered Device",0,"2025-06-02 16:32:10"
964,788,259,"2025-06-02 07:58:20",2693.59,"Unregistered Device",0,"2025-06-02 16:32:10"
965,789,284,"2025-06-02 07:54:50",18706.2,"Unregistered Device",0,"2025-06-02 16:32:10"
966,790,472,"2025-06-02 07:55:39",18203.7,"Unregistered Device",0,"2025-06-02 16:32:10"
967,791,54,"2025-06-02 07:58:51",7748.72,"Unregistered Device",1,"2025-06-02 16:32:10"
968,792,452,"2025-06-02 07:57:47",7693.87,"Unregistered Device",0,"2025-06-02 16:32:10"
969,793,204,"2025-06-02 07:56:25",19271.9,"Unregistered Device",0,"2025-06-02 16:32:10"
970,794,212,"2025-06-02 07:57:58",12050.9,"Unregistered Device",0,"2025-06-02 16:32:10"
971,795,441,"2025-06-02 07:59:32",6278.9,"Unregistered Device",0,"2025-06-02 16:32:10"
972,796,320,"2025-06-02 07:54:25",14288,"Unregistered Device",1,"2025-06-02 16:32:10"
973,797,333,"2025-06-02 07:56:38",19503.6,"Unregistered Device",0,"2025-06-02 16:32:10"
974,798,166,"2025-06-02 07:59:48",14207.3,"Unregistered Device",0,"2025-06-02 16:32:10"
975,799,483,"2025-06-02 07:54:46",13343.5,"Unregistered Device",0,"2025-06-02 16:32:10"
976,800,274,"2025-06-02 07:59:40",5719.27,"Unregistered Device",0,"2025-06-02 16:32:10"
977,801,196,"2025-06-02 07:55:09",2907.39,"Unregistered Device",1,"2025-06-02 16:32:10"
978,802,83,"2025-06-02 07:55:07",19670.7,"Unregistered Device",1,"2025-06-02 16:32:10"
979,803,402,"2025-06-02 07:56:27",5903.52,"Unregistered Device",0,"2025-06-02 16:32:10"
980,804,53,"2025-06-02 07:59:18",12322.6,"Unregistered Device",0,"2025-06-02 16:32:10"
981,805,200,"2025-06-02 07:58:07",4752.67,"Unregistered Device",0,"2025-06-02 16:32:10"
982,806,196,"2025-06-02 07:55:14",7751.71,"Unregistered Device",0,"2025-06-02 16:32:10"
983,807,104,"2025-06-02 07:55:21",12411.6,"Unregistered Device",1,"2025-06-02 16:32:10"
984,808,364,"2025-06-02 07:59:40",12953,"Unregistered Device",1,"2025-06-02 16:32:10"
985,809,398,"2025-06-02 07:59:49",14498.6,"Unregistered Device",0,"2025-06-02 16:32:10"
986,810,350,"2025-06-02 08:00:03",1490.31,"Unregistered Device",0,"2025-06-02 16:32:10"
987,811,21,"2025-06-02 07:54:55",8570.73,"Unregistered Device",0,"2025-06-02 16:32:10"
988,812,434,"2025-06-02 07:59:44",5101.07,"Unregistered Device",0,"2025-06-02 16:32:10"
989,813,21,"2025-06-02 07:58:48",3074.91,"Unregistered Device",0,"2025-06-02 16:32:10"
990,814,321,"2025-06-02 07:58:07",12312.6,"Unregistered Device",1,"2025-06-02 16:32:10"
991,815,184,"2025-06-02 07:57:20",1458.54,"Unregistered Device",1,"2025-06-02 16:32:10"
992,816,267,"2025-06-02 07:54:43",1364.46,"Unregistered Device",1,"2025-06-02 16:32:10"
993,817,207,"2025-06-02 07:55:36",1839.82,"Unregistered Device",0,"2025-06-02 16:32:10"
994,818,185,"2025-06-02 07:55:33",5872.19,"Unregistered Device",0,"2025-06-02 16:32:10"
995,819,422,"2025-06-02 07:56:07",15042.9,"Unregistered Device",1,"2025-06-02 16:32:10"
996,820,124,"2025-06-02 07:57:08",18090,"Unregistered Device",0,"2025-06-02 16:32:10"
997,821,350,"2025-06-02 07:54:35",17713.3,"Unregistered Device",0,"2025-06-02 16:32:10"
998,822,371,"2025-06-02 07:59:22",5657.3,"Unregistered Device",0,"2025-06-02 16:32:10"
999,823,229,"2025-06-02 07:55:42",9736.61,"Unregistered Device",0,"2025-06-02 16:32:10"
1000,824,43,"2025-06-02 07:57:58",18964.3,"Unregistered Device",0,"2025-06-02 16:32:10"
